scenario,reference_date,method,calibration_engine,bump_bp,shock_index,shock_tenor,own_node_sensitivity_bp_per_bp,own_node_curvature_bp_per_bp2,maximum_abs_node_sensitivity_bp_per_bp,maximum_abs_node_sensitivity_tenor,total_abs_node_sensitivity_bp_per_bp,off_diagonal_abs_sensitivity_bp_per_bp,off_diagonal_share,plus_calibration_success,minus_calibration_success,plus_max_abs_repricing_error_bp,minus_max_abs_repricing_error_bp,forward_observation_count,forward_sensitivity_bias_bp_per_bp,forward_sensitivity_mae_bp_per_bp,forward_sensitivity_rmse_bp_per_bp,forward_max_abs_sensitivity_bp_per_bp,forward_max_abs_sensitivity_date,forward_curvature_rmse_bp_per_bp2,forward_max_abs_curvature_bp_per_bp2,forward_max_abs_curvature_date,grid_step_days,forward_period_days
FTIIE_KNOWN_TRUTH_V1,2026-09-18,LOG_LINEAR_DF,simultaneous_nodal_least_squares,1.0,0,1M,0.9945129552470233,-7.031532300860732e-06,0.9945129552470233,1M,1.039868905462621,0.045355950215597574,0.04361698861975245,True,True,5.745404152435185e-11,3.0808688933348094e-11,1562,-0.0009790379224791567,0.0040518320820589655,0.05677174028578189,1.1863880052079279,2026-10-23,8.661139820916925e-07,2.443365509918749e-05,2026-10-23,7,28
FTIIE_KNOWN_TRUTH_V1,2026-09-18,LOG_LINEAR_DF,simultaneous_nodal_least_squares,1.0,1,2M,1.0350800358827765,3.9845331201160405e-06,1.0350800358827765,2M,1.1416965694643204,0.10661653358154388,0.09338429879978351,True,True,2.7200464103316335e-11,5.842548667089886e-11,1562,-2.7260569065341087e-05,0.010714485416618685,0.12830513470011645,2.3563477546886813,2026-11-20,2.511703025064166e-06,5.4359545476057036e-05,2026-11-20,7,28
FTIIE_KNOWN_TRUTH_V1,2026-09-18,LOG_LINEAR_DF,simultaneous_nodal_least_squares,1.0,2,3M,1.0955825396453955,1.5614223525250992e-05,1.0955825396453955,3M,1.1408125709970462,0.04523003135165071,0.03964720629973477,True,True,3.275157922644212e-11,3.524958103184872e-11,1562,-0.00011138037279988289,0.017787742922149373,0.1729769654263474,3.271601808748775,2026-11-20,4.956103036109058e-06,0.0001293896989551513,2026-11-20,7,28
FTIIE_KNOWN_TRUTH_V1,2026-09-18,LOG_LINEAR_DF,simultaneous_nodal_least_squares,1.0,3,6M,1.0279303596240352,2.169592699940992e-05,1.0279303596240352,6M,1.0952255614549156,0.06729520183088034,0.06144414830994657,True,True,5.842548667089886e-11,7.049916206369744e-11,1562,-0.0003139499612205117,0.03397205836186413,0.2566107834938099,2.2127590731296083,2027-03-26,6.571445820199098e-06,7.977678517789855e-05,2026-12-25,7,28
FTIIE_KNOWN_TRUTH_V1,2026-09-18,LOG_LINEAR_DF,simultaneous_nodal_least_squares,1.0,4,9M,1.0436305776830719,5.093479846229876e-05,1.0436305776830719,9M,1.0982799696514918,0.05464939196841989,0.04975907189289935,True,True,2.123301534595612e-11,5.842548667089886e-11,1562,-0.00048578108442797434,0.0508042338190071,0.3842784165786939,3.2895702350670826,2027-06-25,1.9589380871654848e-05,0.00023143153102256342,2027-04-23,7,28
FTIIE_KNOWN_TRUTH_V1,2026-09-18,LOG_LINEAR_DF,simultaneous_nodal_least_squares,1.0,5,1Y,1.0389751541860226,8.068801210514565e-05,1.0389751541860226,1Y,1.1194741407916098,0.08049898660558719,0.07190785715573941,True,True,1.9012569296705806e-11,3.275157922644212e-11,1562,-0.0016866592115481192,0.07037093654568909,0.4104498114490952,4.189781275949142,2027-07-30,4.049935235380221e-05,0.0004611801227016876,2027-08-13,7,28
FTIIE_KNOWN_TRUTH_V1,2026-09-18,LOG_LINEAR_DF,simultaneous_nodal_least_squares,1.0,6,2Y,1.0324085472172144,0.00010592426089028883,1.0324085472172144,2Y,1.2114103746234393,0.17900182740622483,0.1477631619771018,True,True,5.842548667089886e-11,4.6074255521943996e-11,1562,-0.005465064345022136,0.14279021652238247,0.5491285270781079,2.2453733288257256,2028-09-22,5.16031052018691e-05,0.0002482124220049009,2027-10-15,7,28
FTIIE_KNOWN_TRUTH_V1,2026-09-18,LOG_LINEAR_DF,simultaneous_nodal_least_squares,1.0,7,3Y,1.06924106614191,0.00023386231326472107,1.06924106614191,3Y,1.2700702127835946,0.2008291466416845,0.1581244443183422,True,True,1.8457457784393227e-11,4.3298697960381105e-11,1562,-0.008540341361208004,0.22146441307618653,0.8517379884103756,3.48263367283233,2029-09-21,0.00017343213687007365,0.0007879993230153204,2029-02-02,7,28
FTIIE_KNOWN_TRUTH_V1,2026-09-18,LOG_LINEAR_DF,simultaneous_nodal_least_squares,1.0,8,4Y,1.1079797034006105,0.0003807851577108945,1.1079797034006105,4Y,1.3096169001138023,0.2016371967131918,0.15396655059633857,True,True,1.9012569296705806e-11,2.1926904736346842e-11,1562,-0.011716562166472912,0.3074414844445223,1.1783191676455047,4.808902454102523,2030-09-20,0.0003792758650716913,0.001688363277796423,2029-09-21,7,28
FTIIE_KNOWN_TRUTH_V1,2026-09-18,LOG_LINEAR_DF,simultaneous_nodal_least_squares,1.0,9,5Y,1.1545176417113168,0.0005517091164475296,1.1545176417113168,5Y,1.4133856794816546,0.25886803777033784,0.1831545639158274,True,True,2.1926904736346842e-11,3.524958103184872e-11,1562,-0.023431182349944995,0.40659369061592976,1.3303949745266137,5.78723549508213,2030-10-11,0.0006330451834801001,0.003024671770407439,2030-10-11,7,28
FTIIE_KNOWN_TRUTH_V1,2026-09-18,LOG_LINEAR_DF,simultaneous_nodal_least_squares,1.0,10,7Y,1.195884619220808,0.0007545954440468794,1.195884619220808,7Y,1.6133775466151135,0.41749292739430555,0.25876951632939915,True,True,2.1788126858268697e-11,3.275157922644212e-11,1562,-0.058251844042223784,0.6163199280750605,1.5102161981985653,4.2165936089887115,2031-09-26,0.0008781987962843523,0.0027981815720057313,2032-01-30,7,28
FTIIE_KNOWN_TRUTH_V1,2026-09-18,LOG_LINEAR_DF,simultaneous_nodal_least_squares,1.0,11,10Y,1.305845092029606,0.0012830206416736267,1.305845092029606,10Y,1.9650310654907577,0.6591859734611516,0.33545829632801394,True,True,1.9012569296705806e-11,1.6792123247455493e-11,1562,-0.15135014346322834,1.0247746655988375,1.9832285697421046,4.377748169641996,2035-07-20,0.0016826096340375153,0.004449454204941139,2036-04-18,7,28
FTIIE_KNOWN_TRUTH_V1,2026-09-18,LOG_LINEAR_DF,simultaneous_nodal_least_squares,1.0,12,15Y,1.504336247041063,0.002520518423004825,1.504336247041063,15Y,2.335520527866966,0.8311842808259029,0.3558882360092226,True,True,4.829470157119431e-11,2.2065682614424986e-11,1562,-0.3385851740613968,1.8489905799600912,3.2409356321992875,6.5347371381657,2041-11-22,0.004025596064270611,0.007777405119924197,2036-10-03,7,28
FTIIE_KNOWN_TRUTH_V1,2026-09-18,LOG_LINEAR_DF,simultaneous_nodal_least_squares,1.0,13,20Y,1.887106530376742,0.005902159298243337,1.887106530376742,20Y,2.7670429747997383,0.8799364444229962,0.31800606367043527,True,True,2.5118795932144167e-11,3.066991105526995e-11,1562,-0.8777991206411778,3.4053437157437783,4.834481846409971,7.594845643088544,2045-02-10,0.0111179718865712,0.024199895316406872,2043-07-03,7,28
FTIIE_KNOWN_TRUTH_V1,2026-09-18,LOG_LINEAR_DF,simultaneous_nodal_least_squares,1.0,14,30Y,2.4904789751237915,0.014405179247917177,2.4904789751237915,30Y,2.49047897516598,4.218847493575595e-11,1.693990407324931e-11,True,True,1.7208456881689926e-11,4.3298697960381105e-11,1562,2.4999013149307725,2.4999013149421474,4.331484269388891,7.514479360231363,2054-09-11,0.02530530895648409,0.04390121106631617,2054-09-18,7,28
FTIIE_KNOWN_TRUTH_V1,2026-09-18,LINEAR_CONTINUOUS_ZERO,simultaneous_nodal_least_squares,1.0,0,1M,0.9945129552470233,-7.031532300860732e-06,0.9945129552470233,1M,1.0814592129457927,0.0869462576987694,0.08039716769524392,True,True,2.3592239273284576e-11,3.039235529911366e-11,1562,-0.0009802836029106502,0.004865229302127468,0.06508213693572001,1.3306045678713323,2026-10-23,1.1303903258236196e-06,3.0329110750626498e-05,2026-10-23,7,28
FTIIE_KNOWN_TRUTH_V1,2026-09-18,LINEAR_CONTINUOUS_ZERO,simultaneous_nodal_least_squares,1.0,1,2M,1.0693937415645616,5.900537281000595e-06,1.0693937415645616,2M,1.2359304429720996,0.16653670140753807,0.13474601451442483,True,True,1.9012569296705806e-11,3.1780134079895106e-11,1562,-2.0601069771518785e-05,0.012544058118602035,0.14200744938631835,2.5502145737155146,2026-11-27,3.1402073316977494e-06,6.289414683502415e-05,2026-11-27,7,28
FTIIE_KNOWN_TRUTH_V1,2026-09-18,LINEAR_CONTINUOUS_ZERO,simultaneous_nodal_least_squares,1.0,2,3M,1.1441215158222717,1.8632600740087213e-05,1.1441215158222717,3M,1.2192825882425402,0.07516107242026848,0.06164368551231818,True,True,1.9567680809018384e-11,1.8596235662471372e-11,1562,-0.00012817148102864785,0.021081941935169705,0.19849725100453408,3.2727034878110572,2026-11-20,5.918844148037732e-06,0.00013611580418348979,2026-11-20,7,28
FTIIE_KNOWN_TRUTH_V1,2026-09-18,LINEAR_CONTINUOUS_ZERO,simultaneous_nodal_least_squares,1.0,3,6M,1.0521727154175209,2.722543551714196e-05,1.0521727154175209,6M,1.1357992638456882,0.0836265484281673,0.07362792976728762,True,True,3.164135620181696e-11,3.275157922644212e-11,1562,-0.00029974104276909275,0.036080441197908535,0.27542843749524065,2.9948091834573756,2027-05-21,8.162421750302719e-06,0.00013540745663620513,2027-02-19,7,28
FTIIE_KNOWN_TRUTH_V1,2026-09-18,LINEAR_CONTINUOUS_ZERO,simultaneous_nodal_least_squares,1.0,4,9M,1.0599339548915399,5.550304271739748e-05,1.0599339548915399,9M,1.120035840206715,0.06010188531517513,0.05366068045115651,True,True,1.8457457784393227e-11,1.8457457784393227e-11,1562,-0.00045089137071039785,0.05231563446380578,0.39862277130824,4.012801380039385,2027-08-20,2.1513507968367712e-05,0.0003171099097198926,2027-05-21,7,28
FTIIE_KNOWN_TRUTH_V1,2026-09-18,LINEAR_CONTINUOUS_ZERO,simultaneous_nodal_least_squares,1.0,5,1Y,1.045341193575966,8.413647445415506e-05,1.045341193575966,1Y,1.1476563577401955,0.10231516416422948,0.08915139403374561,True,True,2.9976021664879227e-11,1.9012569296705806e-11,1562,-0.002015736123691429,0.0742912307349472,0.435674049704605,4.832130015177058,2027-08-20,4.317321782054495e-05,0.000569560341806552,2027-08-20,7,28
FTIIE_KNOWN_TRUTH_V1,2026-09-18,LINEAR_CONTINUOUS_ZERO,simultaneous_nodal_least_squares,1.0,6,2Y,1.0409849713530899,0.00012524612222342135,1.0409849713530899,2Y,1.221880649627388,0.1808956782742981,0.1480469294030167,True,True,3.275157922644212e-11,1.124100812432971e-11,1562,-0.0052688404031166515,0.1461210320914476,0.5762318990011214,3.2509060808030843,2029-08-17,6.40041718700945e-05,0.00043791630335854315,2028-08-18,7,28
FTIIE_KNOWN_TRUTH_V1,2026-09-18,LINEAR_CONTINUOUS_ZERO,simultaneous_nodal_least_squares,1.0,7,3Y,1.0750124211727359,0.0002483270179765018,1.0750124211727359,3Y,1.2767830106315272,0.20177058945879134,0.15803044666061997,True,True,3.1780134079895106e-11,4.010680676458378e-11,1562,-0.008230245324138826,0.22516192780420455,0.8725354391622886,4.5639974468428965,2030-08-23,0.00018788549287106614,0.0011103153538249977,2029-08-17,7,28
FTIIE_KNOWN_TRUTH_V1,2026-09-18,LINEAR_CONTINUOUS_ZERO,simultaneous_nodal_least_squares,1.0,8,4Y,1.1124117407139422,0.0003930682077046832,1.1124117407139422,4Y,1.3150993873946304,0.20268764668068817,0.15412344391874191,True,True,3.275157922644212e-11,5.842548667089886e-11,1562,-0.011244501164892676,0.3119341061773218,1.1966866478976925,5.925177083619462,2031-08-22,0.00039590734364931503,0.0021836503748262626,2030-08-23,7,28
FTIIE_KNOWN_TRUTH_V1,2026-09-18,LINEAR_CONTINUOUS_ZERO,simultaneous_nodal_least_squares,1.0,9,5Y,1.1594694162402053,0.0005634734964732324,1.1594694162402053,5Y,1.43504512447358,0.27557570823337474,0.19203278247746017,True,True,9.853229343548264e-12,3.275157922644212e-11,1562,-0.02417935731991133,0.41615605765567387,1.359514657540227,6.869631963122916,2031-08-22,0.000653478243567552,0.0037035940887719665,2031-08-22,7,28
FTIIE_KNOWN_TRUTH_V1,2026-09-18,LINEAR_CONTINUOUS_ZERO,simultaneous_nodal_least_squares,1.0,10,7Y,1.2046367479035673,0.0007889256446735882,1.2046367479035673,7Y,1.6417466147406605,0.4371098668370932,0.2662468513182477,True,True,3.275157922644212e-11,6.938893903907228e-12,1562,-0.0593718654426458,0.6345295852695979,1.5597743661641374,5.395806031268796,2033-08-19,0.0009350235168546288,0.0037589679940941423,2033-08-19,7,28
FTIIE_KNOWN_TRUTH_V1,2026-09-18,LINEAR_CONTINUOUS_ZERO,simultaneous_nodal_least_squares,1.0,11,10Y,1.321366026091203,0.0013537671425534192,1.321366026091203,10Y,2.0294844464058963,0.7081184203146933,0.34891542113995083,True,True,8.049116928532385e-12,2.0816681711721685e-11,1562,-0.1597863590771219,1.062386890260822,2.0766244538803607,5.7179288297468105,2036-08-22,0.001808183812904013,0.006110981692064588,2036-08-22,7,28
FTIIE_KNOWN_TRUTH_V1,2026-09-18,LINEAR_CONTINUOUS_ZERO,simultaneous_nodal_least_squares,1.0,12,15Y,1.5362552939861969,0.0027189091296453416,1.5362552939861969,15Y,2.374632547852071,0.838377253865874,0.35305557258709874,True,True,3.3861802251067274e-11,7.355227538141662e-12,1562,-0.33737664631359116,1.9096009841510353,3.362410626402698,8.673341160866515,2046-08-17,0.004468565473837498,0.0112048404553311,2041-08-23,7,28
FTIIE_KNOWN_TRUTH_V1,2026-09-18,LINEAR_CONTINUOUS_ZERO,simultaneous_nodal_least_squares,1.0,13,20Y,1.9179574026290114,0.006180629155694284,1.9179574026290114,20Y,2.896068205674729,0.9781108030457175,0.3377374887542872,True,True,2.123301534595612e-11,3.275157922644212e-11,1562,-0.9721559439963111,3.5434211338129793,5.135191116561895,9.691915254564782,2056-08-18,0.011598180106919877,0.03166967519660502,2046-08-17,7,28
FTIIE_KNOWN_TRUTH_V1,2026-09-18,LINEAR_CONTINUOUS_ZERO,simultaneous_nodal_least_squares,1.0,14,30Y,2.5973814375380986,0.01598583751621918,2.5973814375380986,30Y,2.5973814376014506,6.335199032037053e-11,2.4390714972873938e-11,True,True,3.1780134079895106e-11,1.4988010832439613e-11,1562,2.603541895335266,2.603541895340565,4.5950171960395,10.42229373904302,2056-08-18,0.028578404146540736,0.06498508194396901,2056-08-18,7,28
FTIIE_KNOWN_TRUTH_V1,2026-09-18,CUBIC_CONTINUOUS_ZERO,simultaneous_nodal_least_squares,1.0,0,1M,0.9510530459918426,-7.2430102193710155e-06,0.9510530459918426,1M,1.0677112799677146,0.11665823397587205,0.10926009321489939,True,True,3.885780586188048e-11,1.554312234475219e-11,1562,-0.001008553963356093,0.019780607752659416,0.09934100793727783,1.3523712578789038,2026-10-30,1.5298486916184216e-06,2.9460576755901968e-05,2026-10-30,7,28
FTIIE_KNOWN_TRUTH_V1,2026-09-18,CUBIC_CONTINUOUS_ZERO,simultaneous_nodal_least_squares,1.0,1,2M,1.0073534235316428,3.6480710119413118e-06,1.0073534235316428,2M,1.337722640651351,0.3303692171197081,0.2469639124586005,True,True,7.840950111415168e-11,3.094746681142624e-11,1562,-0.00015263169593306004,0.06665879356080164,0.3091256836868686,3.821225530683675,2026-12-04,7.4636121306496105e-06,0.0001339284111390171,2026-12-04,7,28
FTIIE_KNOWN_TRUTH_V1,2026-09-18,CUBIC_CONTINUOUS_ZERO,simultaneous_nodal_least_squares,1.0,2,3M,1.1215102545209659,1.8638071780374688e-05,1.1215102545209659,3M,1.2930756917497315,0.1715654372287656,0.13268011944189517,True,True,1.8735013540549517e-11,4.246603069191224e-11,1562,0.0002028613832809278,0.08089020712586455,0.3647689164638286,3.8972752921861975,2027-02-19,1.0236228445080423e-05,0.00016556604642836703,2026-12-04,7,28
FTIIE_KNOWN_TRUTH_V1,2026-09-18,CUBIC_CONTINUOUS_ZERO,simultaneous_nodal_least_squares,1.0,3,6M,1.0128523299509502,2.4871995712993922e-05,1.0128523299509502,6M,1.128275758841696,0.11542342889074586,0.10230072567475985,True,True,1.0130785099704553e-11,2.5673907444456745e-11,1562,-0.0009604903400713388,0.10123663480712888,0.3834326963898431,3.523512436749074,2027-05-14,9.930758961112483e-06,0.0001248296323252962,2027-02-05,7,28
FTIIE_KNOWN_TRUTH_V1,2026-09-18,CUBIC_CONTINUOUS_ZERO,simultaneous_nodal_least_squares,1.0,4,9M,1.0210530188387024,5.242669715022075e-05,1.0210530188387024,9M,1.1580480326029567,0.13699501376425438,0.11829821381098438,True,True,2.248201624865942e-11,4.1494585545365226e-11,1562,0.0015333799224864137,0.22784003578541392,0.7622446367502062,5.464354517070724,2027-09-03,3.7781943481768504e-05,0.0002981362584586478,2027-04-30,7,28
FTIIE_KNOWN_TRUTH_V1,2026-09-18,CUBIC_CONTINUOUS_ZERO,simultaneous_nodal_least_squares,1.0,5,1Y,1.0443805641684873,8.703795836839667e-05,1.0443805641684873,1Y,1.2284310631595354,0.18405049899104808,0.14982566340977133,True,True,1.6930901125533637e-11,4.704570066849101e-11,1562,-0.003770946671996487,0.24559371759769383,0.8096050697395316,5.082268494520995,2027-08-20,6.692255885068348e-05,0.0006245387350334308,2027-08-20,7,28
FTIIE_KNOWN_TRUTH_V1,2026-09-18,CUBIC_CONTINUOUS_ZERO,simultaneous_nodal_least_squares,1.0,6,2Y,1.0345711844233358,0.00012086694603508086,1.0345711844233358,2Y,1.2164304391562575,0.18185925473292164,0.14950238737782914,True,True,2.2620794126737565e-11,7.396860901565105e-11,1562,-0.003924912903712485,0.24167795020076574,0.6870334057481352,3.708049429664226,2029-06-01,7.002514120697798e-05,0.0004041877975369257,2028-04-28,7,28
FTIIE_KNOWN_TRUTH_V1,2026-09-18,CUBIC_CONTINUOUS_ZERO,simultaneous_nodal_least_squares,1.0,7,3Y,1.0674954501235097,0.00024326625089332587,1.0674954501235097,3Y,1.2976831916197002,0.2301877414961906,0.177383619501831,True,True,1.3322676295501878e-11,2.886579864025407e-11,1562,-0.013990443586912689,0.43515735096169145,1.0296452084987502,5.206452760505714,2030-05-24,0.00021006329774483364,0.0010680150762387708,2029-03-23,7,28
FTIIE_KNOWN_TRUTH_V1,2026-09-18,CUBIC_CONTINUOUS_ZERO,simultaneous_nodal_least_squares,1.0,8,4Y,1.1057726113615496,0.00039085217506951153,1.1057726113615496,4Y,1.276687592998635,0.1709149816370854,0.13387377035257844,True,True,8.090750291955828e-11,3.9968028886505635e-11,1562,0.008443897886014665,0.87685521296541,1.640406343150385,7.263935999173646,2031-06-20,0.0005210218143308483,0.002221014658021492,2030-03-08,7,28
FTIIE_KNOWN_TRUTH_V1,2026-09-18,CUBIC_CONTINUOUS_ZERO,simultaneous_nodal_least_squares,1.0,9,5Y,1.1579925391198842,0.0005765065158591653,1.1579925391198842,5Y,1.506398020856281,0.34840548173639685,0.23128381537460657,True,True,5.4817261840867104e-11,3.733124920302089e-11,1562,-0.058039888642196516,1.2342361506268666,2.047263046855218,6.95569151263821,2033-04-22,0.0009336562502877287,0.003776834216762115,2031-04-25,7,28
FTIIE_KNOWN_TRUTH_V1,2026-09-18,CUBIC_CONTINUOUS_ZERO,simultaneous_nodal_least_squares,1.0,10,7Y,1.2038791307103502,0.0007957287290194515,1.2038791307103502,7Y,1.5521430629869548,0.34826393227660457,0.22437618063788725,True,True,5.162537064506978e-11,5.703770789011742e-11,1562,0.008852764281134793,1.5614285404452055,2.2884493765962954,6.507110678717066,2036-02-15,0.0013101105149893922,0.0037695919243019294,2032-12-17,7,28
FTIIE_KNOWN_TRUTH_V1,2026-09-18,CUBIC_CONTINUOUS_ZERO,simultaneous_nodal_least_squares,1.0,11,10Y,1.3212864148186287,0.001377655845236081,1.3212864148186287,10Y,2.1971644583709815,0.8758780435523528,0.3986401838129791,True,True,4.6351811278100286e-11,2.1371793224034263e-11,1562,-0.2674659221972411,2.085489481005605,2.8581100733870426,6.84921267714654,2040-06-29,0.002324766248586603,0.0059983166433852375,2035-08-31,7,28
FTIIE_KNOWN_TRUTH_V1,2026-09-18,CUBIC_CONTINUOUS_ZERO,simultaneous_nodal_least_squares,1.0,12,15Y,1.5131090756789756,0.0026522645127369238,1.5131090756789756,15Y,2.099990858759615,0.5868817830806394,0.2794687322721434,True,True,3.094746681142624e-11,2.1371793224034263e-11,1562,-0.01386474922710844,3.642524936006816,4.945143372445762,10.223283853243725,2045-09-08,0.006415461268805971,0.014287985651700863,2056-08-18,7,28
FTIIE_KNOWN_TRUTH_V1,2026-09-18,CUBIC_CONTINUOUS_ZERO,simultaneous_nodal_least_squares,1.0,13,20Y,1.9417792946481438,0.006600041496940268,1.9417792946481438,20Y,3.384101195454264,1.4423219008061203,0.4262053105100808,True,True,1.8041124150158794e-11,2.1371793224034263e-11,1562,-1.3858144307118996,4.652842804467751,7.352657324505641,20.04398642012309,2056-08-18,0.01405619266773568,0.032536566384189225,2045-05-05,7,28
FTIIE_KNOWN_TRUTH_V1,2026-09-18,CUBIC_CONTINUOUS_ZERO,simultaneous_nodal_least_squares,1.0,14,30Y,2.748422664457864,0.018694827211424014,2.748422664457864,30Y,2.7638715814567307,0.015448916998866746,0.005589592911087502,True,True,1.8041124150158794e-11,4.621303340002214e-11,1562,2.7509172000313384,2.8431850397376737,5.197019278298893,13.82090961601197,2056-08-18,0.03578088955677565,0.0954767584136762,2056-08-18,7,28
