date,act360_years,zero_rate
2026-09-18,0.0,0.078
2026-09-25,0.019444444444444445,0.07786467370959073
2026-10-02,0.03888888888888889,0.07773090568816655
2026-10-09,0.058333333333333334,0.077598679022163
2026-10-16,0.07777777777777778,0.07746797698958499
2026-10-23,0.09722222222222222,0.07733878305772018
2026-10-30,0.11666666666666667,0.07721108088088043
2026-11-06,0.1361111111111111,0.07708485429817134
2026-11-13,0.15555555555555556,0.07696008733128944
2026-11-20,0.175,0.07683676418234653
2026-11-27,0.19444444444444445,0.07671486923172101
2026-12-04,0.21388888888888888,0.07659438703593574
2026-12-11,0.23333333333333334,0.07647530232556214
2026-12-18,0.25277777777777777,0.07635760000315028
2026-12-25,0.2722222222222222,0.0762412651411844
2027-01-01,0.2916666666666667,0.07612628298006387
2027-01-08,0.3111111111111111,0.07601263892610884
2027-01-15,0.33055555555555555,0.0759003185495908
2027-01-22,0.35,0.07578930758278726
2027-01-29,0.36944444444444446,0.07567959191806047
2027-02-05,0.3888888888888889,0.07557115760595988
2027-02-12,0.4083333333333333,0.07546399085334796
2027-02-19,0.42777777777777776,0.0753580780215492
2027-02-26,0.44722222222222224,0.0752534056245218
2027-03-05,0.4666666666666667,0.07514996032705207
2027-03-12,0.4861111111111111,0.07504772894297083
2027-03-19,0.5055555555555555,0.07494669843339209
2027-03-26,0.525,0.07484685590497309
2027-04-02,0.5444444444444444,0.07474818860819596
2027-04-09,0.5638888888888889,0.07465068393567052
2027-04-16,0.5833333333333334,0.07455432942045781
2027-04-23,0.6027777777777777,0.07445911273441444
2027-04-30,0.6222222222222222,0.0743650216865571
2027-05-07,0.6416666666666667,0.07427204422144733
2027-05-14,0.6611111111111111,0.07418016841759596
2027-05-21,0.6805555555555556,0.07408938248588741
2027-05-28,0.7,0.073999674768023
2027-06-04,0.7194444444444444,0.07391103373498366
2027-06-11,0.7388888888888889,0.07382344798551137
2027-06-18,0.7583333333333333,0.07373690624460918
2027-06-25,0.7777777777777778,0.0736513973620598
2027-07-02,0.7972222222222223,0.07356691031096219
2027-07-09,0.8166666666666667,0.07348343418628606
2027-07-16,0.8361111111111111,0.07340095820344426
2027-07-23,0.8555555555555555,0.07331947169688252
2027-07-30,0.875,0.0732389641186865
2027-08-06,0.8944444444444445,0.07315942503720578
2027-08-13,0.9138888888888889,0.07308084413569493
2027-08-20,0.9333333333333333,0.07300321121097092
2027-08-27,0.9527777777777777,0.07292651617208716
2027-09-03,0.9722222222222222,0.07285074903902362
2027-09-10,0.9916666666666667,0.072775899941393
2027-09-17,1.011111111111111,0.07270195911716275
2027-09-24,1.0305555555555554,0.07262891691139256
2027-10-01,1.05,0.07255676377498746
2027-10-08,1.0694444444444444,0.07248549026346592
2027-10-15,1.0888888888888888,0.07241508703574313
2027-10-22,1.1083333333333334,0.07234554485292911
2027-10-29,1.1277777777777778,0.0722768545771413
2027-11-05,1.1472222222222221,0.07220900717033184
2027-11-12,1.1666666666666667,0.07214199369312904
2027-11-19,1.1861111111111111,0.07207580530369292
2027-11-26,1.2055555555555555,0.07201043325658475
2027-12-03,1.225,0.07194586890165025
2027-12-10,1.2444444444444445,0.07188210368291649
2027-12-17,1.2638888888888888,0.07181912913750214
2027-12-24,1.2833333333333334,0.07175693689454093
2027-12-31,1.3027777777777778,0.07169551867411833
2028-01-07,1.3222222222222222,0.0716348662862209
2028-01-14,1.3416666666666666,0.07157497162969864
2028-01-21,1.3611111111111112,0.07151582669123985
2028-01-28,1.3805555555555555,0.07145742354435833
2028-02-04,1.4,0.07139975434839299
2028-02-11,1.4194444444444445,0.07134281134751955
2028-02-18,1.4388888888888889,0.07128658686977417
2028-02-25,1.4583333333333333,0.07123107332608897
2028-03-03,1.4777777777777779,0.07117626320933919
2028-03-10,1.4972222222222222,0.07112214909340187
2028-03-17,1.5166666666666666,0.071068723632226
2028-03-24,1.5361111111111112,0.07101597955891377
2028-03-31,1.5555555555555556,0.07096390968481311
2028-04-07,1.575,0.070912506898621
2028-04-14,1.5944444444444446,0.07086176416549782
2028-04-21,1.613888888888889,0.07081167452619216
2028-04-28,1.6333333333333333,0.07076223109617644
2028-05-05,1.6527777777777777,0.07071342706479272
2028-05-12,1.6722222222222223,0.07066525569440905
2028-05-19,1.6916666666666667,0.07061771031958579
2028-05-26,1.711111111111111,0.07057078434625201
2028-06-02,1.7305555555555556,0.07052447125089195
2028-06-09,1.75,0.07047876457974114
2028-06-16,1.7694444444444444,0.07043365794799225
2028-06-23,1.788888888888889,0.07038914503901039
2028-06-30,1.8083333333333333,0.07034521960355805
2028-07-07,1.8277777777777777,0.07030187545902918
2028-07-14,1.8472222222222223,0.07025910648869248
2028-07-21,1.8666666666666667,0.07021690664094393
2028-07-28,1.886111111111111,0.07017526992856811
2028-08-04,1.9055555555555554,0.07013419042800847
2028-08-11,1.925,0.07009366227864638
2028-08-18,1.9444444444444444,0.07005367968208875
2028-08-25,1.9638888888888888,0.07001423690146424
2028-09-01,1.9833333333333334,0.06997532826072783
2028-09-08,2.0027777777777778,0.06993694814397387
2028-09-15,2.022222222222222,0.06989909099475715
2028-09-22,2.0416666666666665,0.0698617513154222
2028-09-29,2.061111111111111,0.06982492366644065
2028-10-06,2.0805555555555557,0.0697886026657564
2028-10-13,2.1,0.0697527829881387
2028-10-20,2.1194444444444445,0.06971745936454288
2028-10-27,2.138888888888889,0.06968262658147878
2028-11-03,2.158333333333333,0.06964827948038665
2028-11-10,2.1777777777777776,0.06961441295702059
2028-11-17,2.1972222222222224,0.06958102196083918
2028-11-24,2.216666666666667,0.06954810149440348
2028-12-01,2.236111111111111,0.06951564661278223
2028-12-08,2.2555555555555555,0.06948365242296398
2028-12-15,2.275,0.0694521140832764
2028-12-22,2.2944444444444443,0.0694210268028123
2028-12-29,2.313888888888889,0.06939038584086266
2029-01-05,2.3333333333333335,0.06936018650635621
2029-01-12,2.352777777777778,0.06933042415730581
2029-01-19,2.3722222222222222,0.06930109420026136
2029-01-26,2.3916666666666666,0.06927219208976905
2029-02-02,2.411111111111111,0.06924371332783734
2029-02-09,2.4305555555555554,0.0692156534634089
2029-02-16,2.45,0.06918800809183909
2029-02-23,2.4694444444444446,0.06916077285438044
2029-03-02,2.488888888888889,0.06913394343767329
2029-03-09,2.5083333333333333,0.06910751557324252
2029-03-16,2.5277777777777777,0.06908148503700001
2029-03-23,2.547222222222222,0.06905584764875326
2029-03-30,2.566666666666667,0.06903059927171962
2029-04-06,2.5861111111111112,0.0690057358120463
2029-04-13,2.6055555555555556,0.06898125321833601
2029-04-20,2.625,0.06895714748117829
2029-04-27,2.6444444444444444,0.06893341463268625
2029-05-04,2.6638888888888888,0.06891005074603886
2029-05-11,2.683333333333333,0.06888705193502843
2029-05-18,2.702777777777778,0.06886441435361379
2029-05-25,2.7222222222222223,0.06884213419547824
2029-06-01,2.7416666666666667,0.06882020769359316
2029-06-08,2.761111111111111,0.06879863111978633
2029-06-15,2.7805555555555554,0.06877740078431566
2029-06-22,2.8,0.06875651303544768
2029-06-29,2.8194444444444446,0.06873596425904113
2029-07-06,2.838888888888889,0.06871575087813528
2029-07-13,2.8583333333333334,0.06869586935254321
2029-07-20,2.8777777777777778,0.06867631617844977
2029-07-27,2.897222222222222,0.06865708788801426
2029-08-03,2.9166666666666665,0.06863818104897776
2029-08-10,2.936111111111111,0.06861959226427503
2029-08-17,2.9555555555555557,0.06860131817165092
2029-08-24,2.975,0.06858335544328145
2029-08-31,2.9944444444444445,0.06856570078539893
2029-09-07,3.013888888888889,0.06854835093792178
2029-09-14,3.033333333333333,0.06853130267408855
2029-09-21,3.0527777777777776,0.06851455280009625
2029-09-28,3.0722222222222224,0.0684980981547427
2029-10-05,3.091666666666667,0.0684819356090733
2029-10-12,3.111111111111111,0.06846606206603172
2029-10-19,3.1305555555555555,0.06845047446011476
2029-10-26,3.15,0.06843516975703115
2029-11-02,3.1694444444444443,0.06842014495336425
2029-11-09,3.188888888888889,0.0684053970762389
2029-11-16,3.2083333333333335,0.06839092318299173
2029-11-23,3.227777777777778,0.06837672036084579
2029-11-30,3.2472222222222222,0.06836278572658847
2029-12-07,3.2666666666666666,0.06834911642625342
2029-12-14,3.286111111111111,0.06833570963480615
2029-12-21,3.3055555555555554,0.06832256255583305
2029-12-28,3.325,0.06830967242123426
2030-01-04,3.3444444444444446,0.06829703649091992
2030-01-11,3.363888888888889,0.06828465205250996
2030-01-18,3.3833333333333333,0.06827251642103734
2030-01-25,3.4027777777777777,0.06826062693865476
2030-02-01,3.422222222222222,0.0682489809743447
2030-02-08,3.441666666666667,0.06823757592363278
2030-02-15,3.4611111111111112,0.0682264092083044
2030-02-22,3.4805555555555556,0.06821547827612483
2030-03-01,3.5,0.06820478060056209
2030-03-08,3.5194444444444444,0.06819431368051351
2030-03-15,3.5388888888888888,0.06818407504003512
2030-03-22,3.558333333333333,0.06817406222807407
2030-03-29,3.577777777777778,0.06816427281820442
2030-04-05,3.5972222222222223,0.06815470440836575
2030-04-12,3.6166666666666667,0.0681453546206047
2030-04-19,3.636111111111111,0.06813622110081964
2030-04-26,3.6555555555555554,0.06812730151850811
2030-05-03,3.675,0.06811859356651724
2030-05-10,3.6944444444444446,0.06811009496079698
2030-05-17,3.713888888888889,0.06810180344015607
2030-05-24,3.7333333333333334,0.06809371676602094
2030-05-31,3.7527777777777778,0.06808583272219723
2030-06-07,3.772222222222222,0.06807814911463402
2030-06-14,3.7916666666666665,0.06807066377119086
2030-06-21,3.811111111111111,0.0680633745414073
2030-06-28,3.8305555555555557,0.06805627929627514
2030-07-05,3.85,0.0680493759280132
2030-07-12,3.8694444444444445,0.06804266234984463
2030-07-19,3.888888888888889,0.06803613649577687
2030-07-26,3.908333333333333,0.06802979632038395
2030-08-02,3.9277777777777776,0.06802363979859125
2030-08-09,3.9472222222222224,0.06801766492546286
2030-08-16,3.966666666666667,0.06801186971599121
2030-08-23,3.986111111111111,0.06800625220488896
2030-08-30,4.0055555555555555,0.06800081044638358
2030-09-06,4.025,0.06799554251401384
2030-09-13,4.044444444444444,0.06799044650042897
2030-09-20,4.063888888888889,0.06798552051718973
2030-09-27,4.083333333333333,0.06798076269457197
2030-10-04,4.102777777777778,0.06797617118137232
2030-10-11,4.122222222222222,0.06797174414471602
2030-10-18,4.141666666666667,0.06796747976986692
2030-10-25,4.161111111111111,0.06796337626003965
2030-11-01,4.180555555555555,0.06795943183621392
2030-11-08,4.2,0.06795564473695075
2030-11-15,4.219444444444444,0.0679520132182109
2030-11-22,4.238888888888889,0.06794853555317532
2030-11-29,4.258333333333334,0.0679452100320675
2030-12-06,4.277777777777778,0.06794203496197795
2030-12-13,4.2972222222222225,0.06793900866669048
2030-12-20,4.316666666666666,0.06793612948651055
2030-12-27,4.336111111111111,0.06793339577809543
2031-01-03,4.355555555555555,0.06793080591428637
2031-01-10,4.375,0.06792835828394243
2031-01-17,4.394444444444445,0.06792605129177644
2031-01-24,4.413888888888889,0.06792388335819254
2031-01-31,4.433333333333334,0.06792185291912559
2031-02-07,4.4527777777777775,0.06791995842588243
2031-02-14,4.472222222222222,0.06791819834498483
2031-02-21,4.491666666666666,0.06791657115801421
2031-02-28,4.511111111111111,0.06791507536145801
2031-03-07,4.530555555555556,0.06791370946655784
2031-03-14,4.55,0.06791247199915933
2031-03-21,4.569444444444445,0.06791136149956345
2031-03-28,4.588888888888889,0.06791037652237972
2031-04-04,4.608333333333333,0.06790951563638087
2031-04-11,4.627777777777778,0.06790877742435916
2031-04-18,4.647222222222222,0.06790816048298423
2031-04-25,4.666666666666667,0.06790766342266256
2031-05-02,4.686111111111111,0.0679072848673985
2031-05-09,4.705555555555556,0.0679070234546567
2031-05-16,4.725,0.06790687783522624
2031-05-23,4.7444444444444445,0.06790684667308604
2031-05-30,4.763888888888889,0.06790692864527192
2031-06-06,4.783333333333333,0.06790712244174495
2031-06-13,4.802777777777778,0.06790742676526142
2031-06-20,4.822222222222222,0.06790784033124403
2031-06-27,4.841666666666667,0.06790836186765466
2031-07-04,4.861111111111111,0.06790899011486846
2031-07-11,4.8805555555555555,0.06790972382554925
2031-07-18,4.9,0.06791056176452633
2031-07-25,4.919444444444444,0.0679115027086727
2031-08-01,4.938888888888889,0.06791254544678445
2031-08-08,4.958333333333333,0.06791368877946158
2031-08-15,4.977777777777778,0.06791493151899008
2031-08-22,4.997222222222222,0.06791627248922522
2031-08-29,5.016666666666667,0.06791771052547625
2031-09-05,5.036111111111111,0.06791924447439218
2031-09-12,5.055555555555555,0.06792087319384892
2031-09-19,5.075,0.06792259555283754
2031-09-26,5.094444444444444,0.06792441043135387
2031-10-03,5.113888888888889,0.06792631672028913
2031-10-10,5.133333333333334,0.06792831332132188
2031-10-17,5.152777777777778,0.06793039914681093
2031-10-24,5.1722222222222225,0.06793257311968971
2031-10-31,5.191666666666666,0.06793483417336152
2031-11-07,5.211111111111111,0.06793718125159595
2031-11-14,5.230555555555555,0.0679396133084265
2031-11-21,5.25,0.06794212930804926
2031-11-28,5.269444444444445,0.06794472822472256
2031-12-05,5.288888888888889,0.0679474090426679
2031-12-12,5.308333333333334,0.06795017075597172
2031-12-19,5.3277777777777775,0.06795301236848847
2031-12-26,5.347222222222222,0.0679559328937444
2032-01-02,5.366666666666666,0.06795893135484268
2032-01-09,5.386111111111111,0.06796200678436931
2032-01-16,5.405555555555556,0.06796515822430017
2032-01-23,5.425,0.06796838472590896
2032-01-30,5.444444444444445,0.06797168534967624
2032-02-06,5.463888888888889,0.06797505916519916
2032-02-13,5.483333333333333,0.06797850525110262
2032-02-20,5.502777777777778,0.06798202269495088
2032-02-27,5.522222222222222,0.06798561059316038
2032-03-05,5.541666666666667,0.06798926805091346
2032-03-12,5.561111111111111,0.06799299418207286
2032-03-19,5.580555555555556,0.0679967881090973
2032-03-26,5.6,0.06800064896295784
2032-04-02,5.6194444444444445,0.06800457588305507
2032-04-09,5.638888888888889,0.06800856801713734
2032-04-16,5.658333333333333,0.06801262452121969
2032-04-23,5.677777777777778,0.06801674455950373
2032-04-30,5.697222222222222,0.06802092730429829
2032-05-07,5.716666666666667,0.06802517193594099
2032-05-14,5.736111111111111,0.06802947764272044
2032-05-21,5.7555555555555555,0.06803384362079962
2032-05-28,5.775,0.06803826907413958
2032-06-04,5.794444444444444,0.06804275321442442
2032-06-11,5.813888888888889,0.06804729526098663
2032-06-18,5.833333333333333,0.06805189444073347
2032-06-25,5.852777777777778,0.06805654998807413
2032-07-02,5.872222222222222,0.06806126114484742
2032-07-09,5.891666666666667,0.06806602716025044
2032-07-16,5.911111111111111,0.06807084729076789
2032-07-23,5.930555555555555,0.06807572080010212
2032-07-30,5.95,0.06808064695910392
2032-08-06,5.969444444444444,0.068085625045704
2032-08-13,5.988888888888889,0.06809065434484526
2032-08-20,6.008333333333334,0.06809573414841562
2032-08-27,6.027777777777778,0.06810086375518165
2032-09-03,6.0472222222222225,0.06810604247072291
2032-09-10,6.066666666666666,0.06811126960736684
2032-09-17,6.086111111111111,0.0681165444841244
2032-09-24,6.105555555555555,0.0681218664266264
2032-10-01,6.125,0.0681272347670605
2032-10-08,6.144444444444445,0.06813264884410865
2032-10-15,6.163888888888889,0.06813810800288547
2032-10-22,6.183333333333334,0.06814361159487708
2032-10-29,6.2027777777777775,0.06814915897788056
2032-11-05,6.222222222222222,0.06815474951594412
2032-11-12,6.241666666666666,0.06816038257930776
2032-11-19,6.261111111111111,0.06816605754434468
2032-11-26,6.280555555555556,0.06817177379350317
2032-12-03,6.3,0.06817753071524907
2032-12-10,6.319444444444445,0.068183327704009
2032-12-17,6.338888888888889,0.06818916416011396
2032-12-24,6.358333333333333,0.0681950394897436
2032-12-31,6.377777777777778,0.06820095310487104
2033-01-07,6.397222222222222,0.06820690442320827
2033-01-14,6.416666666666667,0.06821289286815208
2033-01-21,6.436111111111111,0.0682189178687305
2033-01-28,6.455555555555556,0.06822497885954991
2033-02-04,6.475,0.0682310752807425
2033-02-11,6.4944444444444445,0.0682372065779144
2033-02-18,6.513888888888889,0.06824337220209432
2033-02-25,6.533333333333333,0.06824957160968263
2033-03-04,6.552777777777778,0.06825580426240098
2033-03-11,6.572222222222222,0.06826206962724253
2033-03-18,6.591666666666667,0.06826836717642251
2033-03-25,6.611111111111111,0.06827469638732943
2033-04-01,6.6305555555555555,0.06828105674247659
2033-04-08,6.65,0.06828744772945435
2033-04-15,6.669444444444444,0.06829386884088265
2033-04-22,6.688888888888889,0.068300319574364
2033-04-29,6.708333333333333,0.06830679943243717
2033-05-06,6.727777777777778,0.06831330792253104
2033-05-13,6.747222222222222,0.06831984455691917
2033-05-20,6.766666666666667,0.0683264088526746
2033-05-27,6.786111111111111,0.0683330003316253
2033-06-03,6.805555555555555,0.06833961852030997
2033-06-10,6.825,0.06834626294993415
2033-06-17,6.844444444444444,0.06835293315632705
2033-06-24,6.863888888888889,0.06835962867989859
2033-07-01,6.883333333333334,0.06836634906559688
2033-07-08,6.902777777777778,0.06837309386286622
2033-07-15,6.9222222222222225,0.06837986262560548
2033-07-22,6.941666666666666,0.0683866549121268
2033-07-29,6.961111111111111,0.06839347028511478
2033-08-05,6.980555555555555,0.06840030831158615
2033-08-12,7.0,0.06840716856284962
2033-08-19,7.019444444444445,0.06841405061446634
2033-08-26,7.038888888888889,0.06842095404621061
2033-09-02,7.058333333333334,0.06842787844203102
2033-09-09,7.0777777777777775,0.06843482339001204
2033-09-16,7.097222222222222,0.06844178848233583
2033-09-23,7.116666666666666,0.06844877331524456
2033-09-30,7.136111111111111,0.06845577748900303
2033-10-07,7.155555555555556,0.06846280060786172
2033-10-14,7.175,0.06846984228002012
2033-10-21,7.194444444444445,0.0684769021175904
2033-10-28,7.213888888888889,0.0684839797365616
2033-11-04,7.233333333333333,0.06849107475676398
2033-11-11,7.252777777777778,0.06849818680183378
2033-11-18,7.272222222222222,0.06850531549917839
2033-11-25,7.291666666666667,0.06851246047994168
2033-12-02,7.311111111111111,0.06851962137896996
2033-12-09,7.330555555555556,0.06852679783477793
2033-12-16,7.35,0.06853398948951522
2033-12-23,7.3694444444444445,0.06854119598893316
2033-12-30,7.388888888888889,0.06854841698235171
2034-01-06,7.408333333333333,0.06855565212262711
2034-01-13,7.427777777777778,0.06856290106611938
2034-01-20,7.447222222222222,0.06857016347266046
2034-01-27,7.466666666666667,0.06857743900552253
2034-02-03,7.486111111111111,0.06858472733138662
2034-02-10,7.5055555555555555,0.06859202812031154
2034-02-17,7.525,0.06859934104570316
2034-02-24,7.544444444444444,0.06860666578428386
2034-03-03,7.563888888888889,0.06861400201606248
2034-03-10,7.583333333333333,0.06862134942430427
2034-03-17,7.602777777777778,0.06862870769550143
2034-03-24,7.622222222222222,0.06863607651934367
2034-03-31,7.641666666666667,0.06864345558868921
2034-04-07,7.661111111111111,0.06865084459953606
2034-04-14,7.680555555555555,0.0686582432509934
2034-04-21,7.7,0.06866565124525349
2034-04-28,7.719444444444444,0.06867306828756362
2034-05-05,7.738888888888889,0.06868049408619843
2034-05-12,7.758333333333334,0.06868792835243254
2034-05-19,7.777777777777778,0.06869537080051329
2034-05-26,7.7972222222222225,0.06870282114763386
2034-06-02,7.816666666666666,0.06871027911390667
2034-06-09,7.836111111111111,0.06871774442233684
2034-06-16,7.855555555555555,0.06872521679879615
2034-06-23,7.875,0.06873269597199703
2034-06-30,7.894444444444445,0.06874018167346697
2034-07-07,7.913888888888889,0.06874767363752306
2034-07-14,7.933333333333334,0.06875517160124671
2034-07-21,7.9527777777777775,0.06876267530445884
2034-07-28,7.972222222222222,0.06877018448969506
2034-08-04,7.991666666666666,0.06877769890218124
2034-08-11,8.011111111111111,0.06878521828980914
2034-08-18,8.030555555555555,0.06879274240311252
2034-08-25,8.05,0.06880027099524319
2034-09-01,8.069444444444445,0.06880780382194752
2034-09-08,8.088888888888889,0.068815340641543
2034-09-15,8.108333333333333,0.06882288121489516
2034-09-22,8.127777777777778,0.06883042530539453
2034-09-29,8.147222222222222,0.06883797267893403
2034-10-06,8.166666666666666,0.06884552310388632
2034-10-13,8.186111111111112,0.06885307635108166
2034-10-20,8.205555555555556,0.06886063219378569
2034-10-27,8.225,0.0688681904076775
2034-11-03,8.244444444444444,0.06887575077082807
2034-11-10,8.26388888888889,0.06888331306367872
2034-11-17,8.283333333333333,0.06889087706901972
2034-11-24,8.302777777777777,0.06889844257196938
2034-12-01,8.322222222222223,0.06890600935995296
2034-12-08,8.341666666666667,0.06891357722268208
2034-12-15,8.36111111111111,0.06892114595213411
2034-12-22,8.380555555555556,0.06892871534253195
2034-12-29,8.4,0.06893628519032374
2035-01-05,8.419444444444444,0.06894385529416304
2035-01-12,8.438888888888888,0.06895142545488894
2035-01-19,8.458333333333334,0.06895899547550652
2035-01-26,8.477777777777778,0.06896656516116739
2035-02-02,8.497222222222222,0.06897413431915052
2035-02-09,8.516666666666667,0.06898170275884305
2035-02-16,8.536111111111111,0.06898927029172157
2035-02-23,8.555555555555555,0.06899683673133321
2035-03-02,8.575,0.06900440189327722
2035-03-09,8.594444444444445,0.06901196559518655
2035-03-16,8.613888888888889,0.0690195276567096
2035-03-23,8.633333333333333,0.06902708789949225
2035-03-30,8.652777777777779,0.06903464614715987
2035-04-06,8.672222222222222,0.06904220222529969
2035-04-13,8.691666666666666,0.0690497559614432
2035-04-20,8.71111111111111,0.06905730718504871
2035-04-27,8.730555555555556,0.06906485572748411
2035-05-04,8.75,0.06907240142200989
2035-05-11,8.769444444444444,0.06907994410376202
2035-05-18,8.78888888888889,0.06908748360973528
2035-05-25,8.808333333333334,0.06909501977876664
2035-06-01,8.827777777777778,0.06910255245151871
2035-06-08,8.847222222222221,0.06911008147046341
2035-06-15,8.866666666666667,0.06911760667986581
2035-06-22,8.886111111111111,0.06912512792576811
2035-06-29,8.905555555555555,0.06913264505597363
2035-07-06,8.925,0.0691401579200312
2035-07-13,8.944444444444445,0.06914766636921943
2035-07-20,8.963888888888889,0.06915517025653123
2035-07-27,8.983333333333333,0.0691626694366586
2035-08-03,9.002777777777778,0.06917016376597723
2035-08-10,9.022222222222222,0.06917765310253166
2035-08-17,9.041666666666666,0.06918513730602009
2035-08-24,9.061111111111112,0.06919261623777981
2035-08-31,9.080555555555556,0.06920008976077242
2035-09-07,9.1,0.06920755773956928
2035-09-14,9.119444444444444,0.06921502004033715
2035-09-21,9.13888888888889,0.06922247653082389
2035-09-28,9.158333333333333,0.06922992708034431
2035-10-05,9.177777777777777,0.0692373715597661
2035-10-12,9.197222222222223,0.06924480984149603
2035-10-19,9.216666666666667,0.06925224179946601
2035-10-26,9.23611111111111,0.06925966730911962
2035-11-02,9.255555555555556,0.06926708624739839
2035-11-09,9.275,0.06927449849272849
2035-11-16,9.294444444444444,0.0692819039250074
2035-11-23,9.313888888888888,0.06928930242559074
2035-11-30,9.333333333333334,0.06929669387727916
2035-12-07,9.352777777777778,0.06930407816430545
2035-12-14,9.372222222222222,0.06931145517232164
2035-12-21,9.391666666666667,0.0693188247883863
2035-12-28,9.411111111111111,0.06932618690095195
2036-01-04,9.430555555555555,0.06933354139985248
2036-01-11,9.45,0.06934088817629089
2036-01-18,9.469444444444445,0.06934822712282687
2036-01-25,9.488888888888889,0.06935555813336464
2036-02-01,9.508333333333333,0.06936288110314097
2036-02-08,9.527777777777779,0.06937019592871316
2036-02-15,9.547222222222222,0.06937750250794712
2036-02-22,9.566666666666666,0.06938480074000575
2036-02-29,9.58611111111111,0.0693920905253371
2036-03-07,9.605555555555556,0.069399371765663
2036-03-14,9.625,0.06940664436396751
2036-03-21,9.644444444444444,0.06941390822448555
2036-03-28,9.66388888888889,0.06942116325269168
2036-04-04,9.683333333333334,0.06942840935528899
2036-04-11,9.702777777777778,0.06943564644019792
2036-04-18,9.722222222222221,0.06944287441654545
2036-04-25,9.741666666666667,0.06945009319465405
2036-05-02,9.761111111111111,0.06945730268603106
2036-05-09,9.780555555555555,0.06946450280335797
2036-05-16,9.8,0.06947169346047975
2036-05-23,9.819444444444445,0.06947887457239449
2036-05-30,9.838888888888889,0.06948604605524285
2036-06-06,9.858333333333333,0.06949320782629782
2036-06-13,9.877777777777778,0.06950035980395455
2036-06-20,9.897222222222222,0.06950750190772007
2036-06-27,9.916666666666666,0.06951463405820335
2036-07-04,9.936111111111112,0.06952175617710529
2036-07-11,9.955555555555556,0.06952886818720887
2036-07-18,9.975,0.06953597001236929
2036-07-25,9.994444444444444,0.06954306157750433
2036-08-01,10.01388888888889,0.06955014280858467
2036-08-08,10.033333333333333,0.06955721363262446
2036-08-15,10.052777777777777,0.06956427397767168
2036-08-22,10.072222222222223,0.06957132377279886
2036-08-29,10.091666666666667,0.0695783629480938
2036-09-05,10.11111111111111,0.06958539143465034
2036-09-12,10.130555555555556,0.06959240916455914
2036-09-19,10.15,0.06959941607089871
2036-09-26,10.169444444444444,0.06960641208772639
2036-10-03,10.188888888888888,0.06961339715006941
2036-10-10,10.208333333333334,0.06962037119391612
2036-10-17,10.227777777777778,0.06962733415620719
2036-10-24,10.247222222222222,0.0696342859748269
2036-10-31,10.266666666666667,0.06964122658859466
2036-11-07,10.286111111111111,0.06964815593725626
2036-11-14,10.305555555555555,0.06965507396147562
2036-11-21,10.325,0.06966198060282627
2036-11-28,10.344444444444445,0.06966887580378309
2036-12-05,10.363888888888889,0.06967575950771401
2036-12-12,10.383333333333333,0.06968263165887192
2036-12-19,10.402777777777779,0.06968949220238645
2036-12-26,10.422222222222222,0.06969634108425599
2037-01-02,10.441666666666666,0.06970317825133973
2037-01-09,10.46111111111111,0.06971000365134977
2037-01-16,10.480555555555556,0.0697168172328432
2037-01-23,10.5,0.06972361894521441
2037-01-30,10.519444444444444,0.06973040873868733
2037-02-06,10.53888888888889,0.06973718656430788
2037-02-13,10.558333333333334,0.06974395237393627
2037-02-20,10.577777777777778,0.06975070612023959
2037-02-27,10.597222222222221,0.06975744775668433
2037-03-06,10.616666666666667,0.06976417723752895
2037-03-13,10.636111111111111,0.06977089451781666
2037-03-20,10.655555555555555,0.06977759955336807
2037-03-27,10.675,0.06978429230077403
2037-04-03,10.694444444444445,0.06979097271738847
2037-04-10,10.713888888888889,0.06979764076132136
2037-04-17,10.733333333333333,0.06980429639143167
2037-04-24,10.752777777777778,0.0698109395673204
2037-05-01,10.772222222222222,0.0698175702493237
2037-05-08,10.791666666666666,0.06982418839850599
2037-05-15,10.811111111111112,0.06983079397665327
2037-05-22,10.830555555555556,0.06983738694626626
2037-05-29,10.85,0.06984396727055386
2037-06-05,10.869444444444444,0.0698505349134264
2037-06-12,10.88888888888889,0.06985708983948924
2037-06-19,10.908333333333333,0.0698636320140361
2037-06-26,10.927777777777777,0.06987016140304275
2037-07-03,10.947222222222223,0.06987667797316054
2037-07-10,10.966666666666667,0.06988318169171003
2037-07-17,10.98611111111111,0.0698896725266748
2037-07-24,11.005555555555556,0.06989615044669516
2037-07-31,11.025,0.06990261542106194
2037-08-07,11.044444444444444,0.06990906741971041
2037-08-14,11.063888888888888,0.06991550641321416
2037-08-21,11.083333333333334,0.06992193237277908
2037-08-28,11.102777777777778,0.06992834527023742
2037-09-04,11.122222222222222,0.0699347450780418
2037-09-11,11.141666666666667,0.06994113176925938
2037-09-18,11.161111111111111,0.06994750531756602
2037-09-25,11.180555555555555,0.06995386569724045
2037-10-02,11.2,0.06996021288315861
2037-10-09,11.219444444444445,0.06996654685078793
2037-10-16,11.238888888888889,0.06997286757618171
2037-10-23,11.258333333333333,0.06997917503597346
2037-10-30,11.277777777777779,0.06998546920737149
2037-11-06,11.297222222222222,0.06999175006815327
2037-11-13,11.316666666666666,0.06999801759666008
2037-11-20,11.33611111111111,0.07000427177179155
2037-11-27,11.355555555555556,0.07001051257300035
2037-12-04,11.375,0.07001673998028679
2037-12-11,11.394444444444444,0.07002295397419364
2037-12-18,11.41388888888889,0.07002915453580086
2037-12-25,11.433333333333334,0.07003534164672037
2038-01-01,11.452777777777778,0.07004151528909104
2038-01-08,11.472222222222221,0.07004767544557343
2038-01-15,11.491666666666667,0.07005382209934487
2038-01-22,11.511111111111111,0.07005995523409433
2038-01-29,11.530555555555555,0.0700660748340176
2038-02-05,11.55,0.07007218088381217
2038-02-12,11.569444444444445,0.07007827336867249
2038-02-19,11.588888888888889,0.07008435227428506
2038-02-26,11.608333333333333,0.07009041758682366
2038-03-05,11.627777777777778,0.0700964692929445
2038-03-12,11.647222222222222,0.07010250737978156
2038-03-19,11.666666666666666,0.07010853183494192
2038-03-26,11.686111111111112,0.07011454264650106
2038-04-02,11.705555555555556,0.07012053980299823
2038-04-09,11.725,0.07012652329343197
2038-04-16,11.744444444444444,0.07013249310725544
2038-04-23,11.76388888888889,0.07013844923437208
2038-04-30,11.783333333333333,0.070144391665131
2038-05-07,11.802777777777777,0.07015032039032268
2038-05-14,11.822222222222223,0.0701562354011745
2038-05-21,11.841666666666667,0.07016213668934639
2038-05-28,11.86111111111111,0.0701680242469266
2038-06-04,11.880555555555556,0.07017389806642733
2038-06-11,11.9,0.07017975814078058
2038-06-18,11.919444444444444,0.07018560446333379
2038-06-25,11.938888888888888,0.07019143702784586
2038-07-02,11.958333333333334,0.07019725582848288
2038-07-09,11.977777777777778,0.07020306085981404
2038-07-16,11.997222222222222,0.07020885211680764
2038-07-23,12.016666666666667,0.07021462959482697
2038-07-30,12.036111111111111,0.07022039328962633
2038-08-06,12.055555555555555,0.0702261431973471
2038-08-13,12.075,0.07023187931451376
2038-08-20,12.094444444444445,0.07023760163803
2038-08-27,12.113888888888889,0.07024331016517488
2038-09-03,12.133333333333333,0.0702490048935989
2038-09-10,12.152777777777779,0.07025468582132033
2038-09-17,12.172222222222222,0.07026035294672134
2038-09-24,12.191666666666666,0.07026600626854425
2038-10-01,12.21111111111111,0.0702716457858879
2038-10-08,12.230555555555556,0.07027727149820388
2038-10-15,12.25,0.07028288340529291
2038-10-22,12.269444444444444,0.07028848150730127
2038-10-29,12.28888888888889,0.07029406580471713
2038-11-05,12.308333333333334,0.07029963629836701
2038-11-12,12.327777777777778,0.07030519298941232
2038-11-19,12.347222222222221,0.07031073587934573
2038-11-26,12.366666666666667,0.07031626496998783
2038-12-03,12.386111111111111,0.07032178026348361
2038-12-10,12.405555555555555,0.07032728176229903
2038-12-17,12.425,0.07033276946921772
2038-12-24,12.444444444444445,0.07033824338733752
2038-12-31,12.463888888888889,0.0703437035200672
2039-01-07,12.483333333333333,0.0703491498711232
2039-01-14,12.502777777777778,0.07035458244452625
2039-01-21,12.522222222222222,0.0703600012445982
2039-01-28,12.541666666666666,0.07036540627595876
2039-02-04,12.561111111111112,0.07037079754352242
2039-02-11,12.580555555555556,0.07037617505249504
2039-02-18,12.6,0.07038153880837095
2039-02-25,12.619444444444444,0.07038688881692973
2039-03-04,12.63888888888889,0.07039222508423312
2039-03-11,12.658333333333333,0.07039754761662198
2039-03-18,12.677777777777777,0.0704028564207132
2039-03-25,12.697222222222223,0.0704081515033968
2039-04-01,12.716666666666667,0.07041343287183278
2039-04-08,12.73611111111111,0.07041870053344834
2039-04-15,12.755555555555556,0.07042395449593482
2039-04-22,12.775,0.07042919476724475
2039-04-29,12.794444444444444,0.07043442135558915
2039-05-06,12.813888888888888,0.07043963426943443
2039-05-13,12.833333333333334,0.07044483351749975
2039-05-20,12.852777777777778,0.07045001910875405
2039-05-27,12.872222222222222,0.07045519105241335
2039-06-03,12.891666666666667,0.07046034935793798
2039-06-10,12.911111111111111,0.07046549403502973
2039-06-17,12.930555555555555,0.07047062509362931
2039-06-24,12.95,0.07047574254391342
2039-07-01,12.969444444444445,0.07048084639629228
2039-07-08,12.988888888888889,0.07048593666140683
2039-07-15,13.008333333333333,0.07049101335012621
2039-07-22,13.027777777777779,0.07049607647354503
2039-07-29,13.047222222222222,0.07050112604298082
2039-08-05,13.066666666666666,0.07050616206997158
2039-08-12,13.08611111111111,0.07051118456627306
2039-08-19,13.105555555555556,0.07051619354385628
2039-08-26,13.125,0.07052118901490514
2039-09-02,13.144444444444444,0.0705261709918138
2039-09-09,13.16388888888889,0.07053113948718423
2039-09-16,13.183333333333334,0.07053609451382388
2039-09-23,13.202777777777778,0.07054103608474314
2039-09-30,13.222222222222221,0.07054596421315301
2039-10-07,13.241666666666667,0.07055087891246269
2039-10-14,13.261111111111111,0.07055578019627716
2039-10-21,13.280555555555555,0.070560668078395
2039-10-28,13.3,0.07056554257280591
2039-11-04,13.319444444444445,0.07057040369368849
2039-11-11,13.338888888888889,0.07057525145540793
2039-11-18,13.358333333333333,0.07058008587251374
2039-11-25,13.377777777777778,0.07058490695973756
2039-12-02,13.397222222222222,0.07058971473199087
2039-12-09,13.416666666666666,0.0705945092043628
2039-12-16,13.436111111111112,0.070599290392118
2039-12-23,13.455555555555556,0.07060405831069437
2039-12-30,13.475,0.07060881297570097
2040-01-06,13.494444444444444,0.07061355440291593
2040-01-13,13.51388888888889,0.07061828260828425
2040-01-20,13.533333333333333,0.07062299760791574
2040-01-27,13.552777777777777,0.07062769941808293
2040-02-03,13.572222222222223,0.07063238805521908
2040-02-10,13.591666666666667,0.070637063535916
2040-02-17,13.61111111111111,0.07064172587692219
2040-02-24,13.630555555555556,0.07064637509514066
2040-03-02,13.65,0.07065101120762707
2040-03-09,13.669444444444444,0.0706556342315877
2040-03-16,13.688888888888888,0.07066024418437748
2040-03-23,13.708333333333334,0.07066484108349812
2040-03-30,13.727777777777778,0.07066942494659606
2040-04-06,13.747222222222222,0.0706739957914607
2040-04-13,13.766666666666667,0.07067855363602242
2040-04-20,13.786111111111111,0.0706830984983507
2040-04-27,13.805555555555555,0.07068763039665231
2040-05-04,13.825,0.07069214934926947
2040-05-11,13.844444444444445,0.07069665537467798
2040-05-18,13.863888888888889,0.0707011484914854
2040-05-25,13.883333333333333,0.07070562871842927
2040-06-01,13.902777777777779,0.07071009607437538
2040-06-08,13.922222222222222,0.07071455057831597
2040-06-15,13.941666666666666,0.07071899224936787
2040-06-22,13.96111111111111,0.07072342110677098
2040-06-29,13.980555555555556,0.07072783716988634
2040-07-06,14.0,0.07073224045819458
2040-07-13,14.019444444444444,0.07073663099129412
2040-07-20,14.03888888888889,0.07074100878889956
2040-07-27,14.058333333333334,0.07074537387083998
2040-08-03,14.077777777777778,0.07074972625705732
2040-08-10,14.097222222222221,0.07075406596760472
2040-08-17,14.116666666666667,0.07075839302264492
2040-08-24,14.136111111111111,0.07076270744244863
2040-08-31,14.155555555555555,0.07076700924739299
2040-09-07,14.175,0.07077129845795992
2040-09-14,14.194444444444445,0.0707755750947346
2040-09-21,14.213888888888889,0.07077983917840396
2040-09-28,14.233333333333333,0.070784090729755
2040-10-05,14.252777777777778,0.07078832976967343
2040-10-12,14.272222222222222,0.07079255631914211
2040-10-19,14.291666666666666,0.07079677039923948
2040-10-26,14.311111111111112,0.07080097203113812
2040-11-02,14.330555555555556,0.07080516123610335
2040-11-09,14.35,0.07080933803549166
2040-11-16,14.369444444444444,0.07081350245074934
2040-11-23,14.38888888888889,0.07081765450341099
2040-11-30,14.408333333333333,0.07082179421509815
2040-12-07,14.427777777777777,0.07082592160751788
2040-12-14,14.447222222222223,0.07083003670246134
2040-12-21,14.466666666666667,0.07083413952180241
2040-12-28,14.48611111111111,0.07083823008749637
2041-01-04,14.505555555555556,0.07084230842157846
2041-01-11,14.525,0.07084637454616263
2041-01-18,14.544444444444444,0.07085042848344007
2041-01-25,14.563888888888888,0.07085447025567804
2041-02-01,14.583333333333334,0.07085849988521846
2041-02-08,14.602777777777778,0.0708625173944766
2041-02-15,14.622222222222222,0.07086652280593989
2041-02-22,14.641666666666667,0.07087051614216652
2041-03-01,14.661111111111111,0.07087449742578428
2041-03-08,14.680555555555555,0.0708784666794892
2041-03-15,14.7,0.07088242392604442
2041-03-22,14.719444444444445,0.07088636918827888
2041-03-29,14.738888888888889,0.07089030248908613
2041-04-05,14.758333333333333,0.0708942238514231
2041-04-12,14.777777777777779,0.07089813329830891
2041-04-19,14.797222222222222,0.07090203085282369
2041-04-26,14.816666666666666,0.07090591653810738
2041-05-03,14.83611111111111,0.0709097903773586
2041-05-10,14.855555555555556,0.07091365239383345
2041-05-17,14.875,0.0709175026108444
2041-05-24,14.894444444444444,0.07092134105175911
2041-05-31,14.91388888888889,0.07092516773999935
2041-06-07,14.933333333333334,0.07092898269903986
2041-06-14,14.952777777777778,0.07093278595240725
2041-06-21,14.972222222222221,0.07093657752367889
2041-06-28,14.991666666666667,0.07094035743648185
2041-07-05,15.011111111111111,0.0709441257144918
2041-07-12,15.030555555555555,0.07094788238143199
2041-07-19,15.05,0.07095162746107207
2041-07-26,15.069444444444445,0.07095536097722725
2041-08-02,15.088888888888889,0.07095908295375704
2041-08-09,15.108333333333333,0.07096279341456438
2041-08-16,15.127777777777778,0.07096649238359455
2041-08-23,15.147222222222222,0.07097017988483417
2041-08-30,15.166666666666666,0.07097385594231025
2041-09-06,15.186111111111112,0.07097752058008908
2041-09-13,15.205555555555556,0.07098117382227538
2041-09-20,15.225,0.0709848156930113
2041-09-27,15.244444444444444,0.07098844621647533
2041-10-04,15.26388888888889,0.07099206541688155
2041-10-11,15.283333333333333,0.07099567331847852
2041-10-18,15.302777777777777,0.0709992699455484
2041-10-25,15.322222222222223,0.07100285532240605
2041-11-01,15.341666666666667,0.07100642947339807
2041-11-08,15.36111111111111,0.0710099924229019
2041-11-15,15.380555555555556,0.07101354419532492
2041-11-22,15.4,0.07101708481510355
2041-11-29,15.419444444444444,0.07102061430670238
2041-12-06,15.438888888888888,0.07102413269461327
2041-12-13,15.458333333333334,0.07102764000335451
2041-12-20,15.477777777777778,0.07103113625746992
2041-12-27,15.497222222222222,0.07103462148152802
2042-01-03,15.516666666666667,0.07103809570012118
2042-01-10,15.536111111111111,0.0710415589378648
2042-01-17,15.555555555555555,0.07104501121939648
2042-01-24,15.575,0.07104845256937513
2042-01-31,15.594444444444445,0.07105188301248025
2042-02-07,15.613888888888889,0.07105530257341111
2042-02-14,15.633333333333333,0.07105871127688589
2042-02-21,15.652777777777779,0.07106210914764091
2042-02-28,15.672222222222222,0.07106549621042989
2042-03-07,15.691666666666666,0.07106887249002318
2042-03-14,15.71111111111111,0.07107223801120689
2042-03-21,15.730555555555556,0.07107559279878227
2042-03-28,15.75,0.07107893687756484
2042-04-04,15.769444444444444,0.07108227027238369
2042-04-11,15.78888888888889,0.07108559300808079
2042-04-18,15.808333333333334,0.07108890510951016
2042-04-25,15.827777777777778,0.0710922066015372
2042-05-02,15.847222222222221,0.07109549750903799
2042-05-09,15.866666666666667,0.07109877785689855
2042-05-16,15.886111111111111,0.07110204767001416
2042-05-23,15.905555555555555,0.07110530697328858
2042-05-30,15.925,0.07110855579163351
2042-06-06,15.944444444444445,0.07111179414996777
2042-06-13,15.963888888888889,0.07111502207321672
2042-06-20,15.983333333333333,0.07111823958631151
2042-06-27,16.002777777777776,0.07112144671418846
2042-07-04,16.022222222222222,0.07112464348178843
2042-07-11,16.041666666666668,0.07112782991405607
2042-07-18,16.06111111111111,0.07113100603593932
2042-07-25,16.080555555555556,0.07113417187238867
2042-08-01,16.1,0.07113732744835653
2042-08-08,16.119444444444444,0.07114047278879666
2042-08-15,16.13888888888889,0.07114360791866352
2042-08-22,16.158333333333335,0.07114673286291164
2042-08-29,16.177777777777777,0.07114984764649505
2042-09-05,16.197222222222223,0.07115295229436669
2042-09-12,16.216666666666665,0.07115604683147775
2042-09-19,16.23611111111111,0.07115913128277714
2042-09-26,16.255555555555556,0.07116220567321087
2042-10-03,16.275,0.07116527002772156
2042-10-10,16.294444444444444,0.07116832437124773
2042-10-17,16.31388888888889,0.07117136872872334
2042-10-24,16.333333333333332,0.07117440312507725
2042-10-31,16.352777777777778,0.07117742758523254
2042-11-07,16.372222222222224,0.07118044213410608
2042-11-14,16.391666666666666,0.07118344679660796
2042-11-21,16.41111111111111,0.07118644159764095
2042-11-28,16.430555555555557,0.07118942656209996
2042-12-05,16.45,0.0711924017148715
2042-12-12,16.469444444444445,0.07119536708083321
2042-12-19,16.488888888888887,0.0711983226848533
2042-12-26,16.508333333333333,0.07120126855179007
2043-01-02,16.52777777777778,0.07120420470649141
2043-01-09,16.54722222222222,0.07120713117379424
2043-01-16,16.566666666666666,0.07121004797852415
2043-01-23,16.586111111111112,0.07121295514549475
2043-01-30,16.605555555555554,0.07121585269950731
2043-02-06,16.625,0.07121874066535022
2043-02-13,16.644444444444446,0.07122161906779857
2043-02-20,16.663888888888888,0.0712244879316136
2043-02-27,16.683333333333334,0.07122734728154234
2043-03-06,16.70277777777778,0.07123019714231708
2043-03-13,16.72222222222222,0.07123303753865494
2043-03-20,16.741666666666667,0.07123586849525744
2043-03-27,16.761111111111113,0.07123869003681002
2043-04-03,16.780555555555555,0.07124150218798163
2043-04-10,16.8,0.07124430497342431
2043-04-17,16.819444444444443,0.07124709841777274
2043-04-24,16.83888888888889,0.07124988254564378
2043-05-01,16.858333333333334,0.07125265738163616
2043-05-08,16.877777777777776,0.07125542295032995
2043-05-15,16.897222222222222,0.07125817927628622
2043-05-22,16.916666666666668,0.0712609263840466
2043-05-29,16.93611111111111,0.07126366429813291
2043-06-05,16.955555555555556,0.07126639304304674
2043-06-12,16.975,0.07126911264326909
2043-06-19,16.994444444444444,0.0712718231232599
2043-06-26,17.01388888888889,0.07127452450745779
2043-07-03,17.033333333333335,0.07127721682027961
2043-07-10,17.052777777777777,0.07127990008612008
2043-07-17,17.072222222222223,0.07128257432935135
2043-07-24,17.091666666666665,0.07128523957432281
2043-07-31,17.11111111111111,0.07128789584536054
2043-08-07,17.130555555555556,0.07129054316676706
2043-08-14,17.15,0.07129318156282093
2043-08-21,17.169444444444444,0.07129581105777648
2043-08-28,17.18888888888889,0.07129843167586335
2043-09-04,17.208333333333332,0.0713010434412862
2043-09-11,17.227777777777778,0.07130364637822442
2043-09-18,17.247222222222224,0.07130624051083176
2043-09-25,17.266666666666666,0.07130882586323598
2043-10-02,17.28611111111111,0.0713114024595385
2043-10-09,17.305555555555557,0.0713139703238142
2043-10-16,17.325,0.071316529480111
2043-10-23,17.344444444444445,0.07131907995244953
2043-10-30,17.363888888888887,0.07132162176482292
2043-11-06,17.383333333333333,0.0713241549411964
2043-11-13,17.40277777777778,0.07132667950550706
2043-11-20,17.42222222222222,0.0713291954816635
2043-11-27,17.441666666666666,0.07133170289354558
2043-12-04,17.461111111111112,0.07133420176500414
2043-12-11,17.480555555555554,0.07133669211986059
2043-12-18,17.5,0.07133917398190683
2043-12-25,17.519444444444446,0.07134164737490478
2044-01-01,17.538888888888888,0.07134411232258621
2044-01-08,17.558333333333334,0.07134656884865245
2044-01-15,17.57777777777778,0.07134901697677411
2044-01-22,17.59722222222222,0.07135145673059078
2044-01-29,17.616666666666667,0.07135388813371081
2044-02-05,17.636111111111113,0.07135631120971109
2044-02-12,17.655555555555555,0.07135872598213666
2044-02-19,17.675,0.0713611324745006
2044-02-26,17.694444444444443,0.07136353071028372
2044-03-04,17.71388888888889,0.07136592071293424
2044-03-11,17.733333333333334,0.07136830250586775
2044-03-18,17.752777777777776,0.07137067611246671
2044-03-25,17.772222222222222,0.07137304155608044
2044-04-01,17.791666666666668,0.07137539886002472
2044-04-08,17.81111111111111,0.07137774804758167
2044-04-15,17.830555555555556,0.07138008914199949
2044-04-22,17.85,0.07138242216649218
2044-04-29,17.869444444444444,0.07138474714423941
2044-05-06,17.88888888888889,0.07138706409838623
2044-05-13,17.908333333333335,0.07138937305204292
2044-05-20,17.927777777777777,0.0713916740282847
2044-05-27,17.947222222222223,0.07139396705015157
2044-06-03,17.966666666666665,0.07139625214064807
2044-06-10,17.98611111111111,0.07139852932274318
2044-06-17,18.005555555555556,0.07140079861936999
2044-06-24,18.025,0.0714030600534255
2044-07-01,18.044444444444444,0.07140531364777056
2044-07-08,18.06388888888889,0.07140755942522956
2044-07-15,18.083333333333332,0.07140979740859027
2044-07-22,18.102777777777778,0.07141202762060365
2044-07-29,18.122222222222224,0.07141425008398374
2044-08-05,18.141666666666666,0.07141646482140729
2044-08-12,18.16111111111111,0.07141867185551383
2044-08-19,18.180555555555557,0.0714208712089053
2044-08-26,18.2,0.07142306290414595
2044-09-02,18.219444444444445,0.07142524696376218
2044-09-09,18.238888888888887,0.07142742341024239
2044-09-16,18.258333333333333,0.07142959226603668
2044-09-23,18.27777777777778,0.0714317535535569
2044-09-30,18.29722222222222,0.0714339072951763
2044-10-07,18.316666666666666,0.07143605351322951
2044-10-14,18.336111111111112,0.07143819223001228
2044-10-21,18.355555555555554,0.07144032346778141
2044-10-28,18.375,0.07144244724875452
2044-11-04,18.394444444444446,0.07144456359510998
2044-11-11,18.413888888888888,0.07144667252898669
2044-11-18,18.433333333333334,0.07144877407248403
2044-11-25,18.45277777777778,0.0714508682476616
2044-12-02,18.47222222222222,0.07145295507653922
2044-12-09,18.491666666666667,0.07145503458109663
2044-12-16,18.511111111111113,0.07145710678327355
2044-12-23,18.530555555555555,0.07145917170496933
2044-12-30,18.55,0.07146122936804306
2045-01-06,18.569444444444443,0.0714632797943132
2045-01-13,18.58888888888889,0.07146532300555766
2045-01-20,18.608333333333334,0.07146735902351355
2045-01-27,18.627777777777776,0.0714693878698771
2045-02-03,18.647222222222222,0.07147140956630356
2045-02-10,18.666666666666668,0.07147342413440703
2045-02-17,18.68611111111111,0.07147543159576046
2045-02-24,18.705555555555556,0.07147743197189536
2045-03-03,18.725,0.07147942528430189
2045-03-10,18.744444444444444,0.07148141155442855
2045-03-17,18.76388888888889,0.07148339080368227
2045-03-24,18.783333333333335,0.07148536305342816
2045-03-31,18.802777777777777,0.07148732832498948
2045-04-07,18.822222222222223,0.07148928663964751
2045-04-14,18.841666666666665,0.0714912380186415
2045-04-21,18.86111111111111,0.07149318248316851
2045-04-28,18.880555555555556,0.07149512005438334
2045-05-05,18.9,0.07149705075339846
2045-05-12,18.919444444444444,0.07149897460128393
2045-05-19,18.93888888888889,0.07150089161906723
2045-05-26,18.958333333333332,0.07150280182773325
2045-06-02,18.977777777777778,0.07150470524822423
2045-06-09,18.997222222222224,0.0715066019014396
2045-06-16,19.016666666666666,0.07150849180823594
2045-06-23,19.03611111111111,0.07151037498942688
2045-06-30,19.055555555555557,0.07151225146578306
2045-07-07,19.075,0.07151412125803204
2045-07-14,19.094444444444445,0.07151598438685819
2045-07-21,19.113888888888887,0.0715178408729027
2045-07-28,19.133333333333333,0.07151969073676338
2045-08-04,19.15277777777778,0.07152153399899479
2045-08-11,19.17222222222222,0.07152337068010793
2045-08-18,19.191666666666666,0.0715252008005704
2045-08-25,19.211111111111112,0.07152702438080616
2045-09-01,19.230555555555554,0.07152884144119562
2045-09-08,19.25,0.07153065200207546
2045-09-15,19.269444444444446,0.07153245608373862
2045-09-22,19.288888888888888,0.07153425370643429
2045-09-29,19.308333333333334,0.07153604489036776
2045-10-06,19.32777777777778,0.07153782965570042
2045-10-13,19.34722222222222,0.07153960802254973
2045-10-20,19.366666666666667,0.07154138001098913
2045-10-27,19.386111111111113,0.07154314564104798
2045-11-03,19.405555555555555,0.07154490493271161
2045-11-10,19.425,0.07154665790592113
2045-11-17,19.444444444444443,0.07154840458057349
2045-11-24,19.46388888888889,0.0715501449765214
2045-12-01,19.483333333333334,0.0715518791135733
2045-12-08,19.502777777777776,0.07155360701149334
2045-12-15,19.522222222222222,0.07155532869000128
2045-12-22,19.541666666666668,0.07155704416877252
2045-12-29,19.56111111111111,0.07155875346743802
2046-01-05,19.580555555555556,0.07156045660558427
2046-01-12,19.6,0.07156215360275334
2046-01-19,19.619444444444444,0.07156384447844269
2046-01-26,19.63888888888889,0.07156552925210527
2046-02-02,19.658333333333335,0.07156720794314948
2046-02-09,19.677777777777777,0.07156888057093906
2046-02-16,19.697222222222223,0.07157054715479319
2046-02-23,19.716666666666665,0.07157220771398633
2046-03-02,19.73611111111111,0.07157386226774827
2046-03-09,19.755555555555556,0.07157551083526416
2046-03-16,19.775,0.07157715343567435
2046-03-23,19.794444444444444,0.07157879008807451
2046-03-30,19.81388888888889,0.07158042081151554
2046-04-06,19.833333333333332,0.07158204562500356
2046-04-13,19.852777777777778,0.0715836645474999
2046-04-20,19.872222222222224,0.07158527759792109
2046-04-27,19.891666666666666,0.07158688479513886
2046-05-04,19.91111111111111,0.07158848615798008
2046-05-11,19.930555555555557,0.07159008170522682
2046-05-18,19.95,0.07159167145561628
2046-05-25,19.969444444444445,0.07159325542784081
2046-06-01,19.988888888888887,0.07159483364054792
2046-06-08,20.008333333333333,0.07159640611234018
2046-06-15,20.02777777777778,0.07159797286177541
2046-06-22,20.04722222222222,0.07159953390736642
2046-06-29,20.066666666666666,0.07160108926758126
2046-07-06,20.086111111111112,0.071602638960843
2046-07-13,20.105555555555554,0.0716041830055299
2046-07-20,20.125,0.07160572141997529
2046-07-27,20.144444444444446,0.07160725422246768
2046-08-03,20.163888888888888,0.07160878143125066
2046-08-10,20.183333333333334,0.07161030306452293
2046-08-17,20.20277777777778,0.07161181914043839
2046-08-24,20.22222222222222,0.07161332967710604
2046-08-31,20.241666666666667,0.07161483469259003
2046-09-07,20.261111111111113,0.07161633420490963
2046-09-14,20.280555555555555,0.07161782823203935
2046-09-21,20.3,0.07161931679190882
2046-09-28,20.319444444444443,0.07162079990240287
2046-10-05,20.33888888888889,0.07162227758136151
2046-10-12,20.358333333333334,0.07162374984657999
2046-10-19,20.377777777777776,0.07162521671580875
2046-10-26,20.397222222222222,0.07162667820675347
2046-11-02,20.416666666666668,0.07162813433707514
2046-11-09,20.43611111111111,0.07162958512438995
2046-11-16,20.455555555555556,0.07163103058626939
2046-11-23,20.475,0.07163247074024028
2046-11-30,20.494444444444444,0.07163390560378476
2046-12-07,20.51388888888889,0.07163533519434029
2046-12-14,20.533333333333335,0.07163675952929974
2046-12-21,20.552777777777777,0.07163817862601132
2046-12-28,20.572222222222223,0.0716395925017787
2047-01-04,20.591666666666665,0.07164100117386094
2047-01-11,20.61111111111111,0.07164240465947255
2047-01-18,20.630555555555556,0.07164380297578359
2047-01-25,20.65,0.07164519613991957
2047-02-01,20.669444444444444,0.07164658416896155
2047-02-08,20.68888888888889,0.07164796707994617
2047-02-15,20.708333333333332,0.07164934488986566
2047-02-22,20.727777777777778,0.07165071761566784
2047-03-01,20.747222222222224,0.07165208527425619
2047-03-08,20.766666666666666,0.07165344788248994
2047-03-15,20.78611111111111,0.07165480545718395
2047-03-22,20.805555555555557,0.07165615801510884
2047-03-29,20.825,0.07165750557299107
2047-04-05,20.844444444444445,0.07165884814751282
2047-04-12,20.863888888888887,0.0716601857553122
2047-04-19,20.883333333333333,0.07166151841298316
2047-04-26,20.90277777777778,0.07166284613707555
2047-05-03,20.92222222222222,0.07166416894409523
2047-05-10,20.941666666666666,0.07166548685050403
2047-05-17,20.961111111111112,0.07166679987271976
2047-05-24,20.980555555555554,0.07166810802711636
2047-05-31,21.0,0.07166941133002389
2047-06-07,21.019444444444446,0.07167070979772847
2047-06-14,21.038888888888888,0.07167200344647251
2047-06-21,21.058333333333334,0.07167329229245456
2047-06-28,21.07777777777778,0.07167457635182951
2047-07-05,21.09722222222222,0.07167585564070855
2047-07-12,21.116666666666667,0.07167713017515918
2047-07-19,21.136111111111113,0.07167839997120536
2047-07-26,21.155555555555555,0.07167966504482746
2047-08-02,21.175,0.07168092541196236
2047-08-09,21.194444444444443,0.07168218108850345
2047-08-16,21.21388888888889,0.07168343209030073
2047-08-23,21.233333333333334,0.0716846784331608
2047-08-30,21.252777777777776,0.07168592013284696
2047-09-06,21.272222222222222,0.0716871572050792
2047-09-13,21.291666666666668,0.07168838966553435
2047-09-20,21.31111111111111,0.071689617529846
2047-09-27,21.330555555555556,0.07169084081360462
2047-10-04,21.35,0.07169205953235759
2047-10-11,21.369444444444444,0.07169327370160931
2047-10-18,21.38888888888889,0.07169448333682116
2047-10-25,21.408333333333335,0.07169568845341158
2047-11-01,21.427777777777777,0.07169688906675621
2047-11-08,21.447222222222223,0.07169808519218779
2047-11-15,21.466666666666665,0.0716992768449963
2047-11-22,21.48611111111111,0.07170046404042908
2047-11-29,21.505555555555556,0.0717016467936907
2047-12-06,21.525,0.07170282511994325
2047-12-13,21.544444444444444,0.07170399903430613
2047-12-20,21.56388888888889,0.07170516855185637
2047-12-27,21.583333333333332,0.07170633368762848
2048-01-03,21.602777777777778,0.07170749445661462
2048-01-10,21.622222222222224,0.07170865087376461
2048-01-17,21.641666666666666,0.07170980295398606
2048-01-24,21.66111111111111,0.07171095071214427
2048-01-31,21.680555555555557,0.07171209416306247
2048-02-07,21.7,0.07171323332152177
2048-02-14,21.719444444444445,0.07171436820226125
2048-02-21,21.738888888888887,0.07171549881997799
2048-02-28,21.758333333333333,0.0717166251893272
2048-03-06,21.77777777777778,0.07171774732492221
2048-03-13,21.79722222222222,0.07171886524133458
2048-03-20,21.816666666666666,0.07171997895309411
2048-03-27,21.836111111111112,0.07172108847468892
2048-04-03,21.855555555555554,0.0717221938205656
2048-04-10,21.875,0.07172329500512908
2048-04-17,21.894444444444446,0.07172439204274292
2048-04-24,21.913888888888888,0.07172548494772919
2048-05-01,21.933333333333334,0.07172657373436864
2048-05-08,21.95277777777778,0.07172765841690068
2048-05-15,21.97222222222222,0.07172873900952355
2048-05-22,21.991666666666667,0.0717298155263943
2048-05-29,22.011111111111113,0.0717308879816289
2048-06-05,22.030555555555555,0.07173195638930224
2048-06-12,22.05,0.07173302076344831
2048-06-19,22.069444444444443,0.07173408111806015
2048-06-26,22.08888888888889,0.07173513746708997
2048-07-03,22.108333333333334,0.07173618982444924
2048-07-10,22.127777777777776,0.07173723820400874
2048-07-17,22.147222222222222,0.07173828261959853
2048-07-24,22.166666666666668,0.0717393230850082
2048-07-31,22.18611111111111,0.0717403596139868
2048-08-07,22.205555555555556,0.07174139222024295
2048-08-14,22.225,0.07174242091744493
2048-08-21,22.244444444444444,0.07174344571922069
2048-08-28,22.26388888888889,0.071744466639158
2048-09-04,22.283333333333335,0.07174548369080441
2048-09-11,22.302777777777777,0.07174649688766749
2048-09-18,22.322222222222223,0.07174750624321467
2048-09-25,22.341666666666665,0.07174851177087355
2048-10-02,22.36111111111111,0.07174951348403179
2048-10-09,22.380555555555556,0.07175051139603725
2048-10-16,22.4,0.07175150552019806
2048-10-23,22.419444444444444,0.07175249586978272
2048-10-30,22.43888888888889,0.0717534824580201
2048-11-06,22.458333333333332,0.07175446529809958
2048-11-13,22.477777777777778,0.07175544440317107
2048-11-20,22.497222222222224,0.07175641978634512
2048-11-27,22.516666666666666,0.07175739146069297
2048-12-04,22.53611111111111,0.07175835943924666
2048-12-11,22.555555555555557,0.07175932373499903
2048-12-18,22.575,0.07176028436090384
2048-12-25,22.594444444444445,0.0717612413298759
2049-01-01,22.613888888888887,0.07176219465479099
2049-01-08,22.633333333333333,0.0717631443484861
2049-01-15,22.65277777777778,0.0717640904237594
2049-01-22,22.67222222222222,0.07176503289337037
2049-01-29,22.691666666666666,0.0717659717700398
2049-02-05,22.711111111111112,0.07176690706644996
2049-02-12,22.730555555555554,0.07176783879524462
2049-02-19,22.75,0.07176876696902912
2049-02-26,22.769444444444446,0.07176969160037046
2049-03-05,22.788888888888888,0.07177061270179737
2049-03-12,22.808333333333334,0.07177153028580041
2049-03-19,22.82777777777778,0.07177244436483199
2049-03-26,22.84722222222222,0.07177335495130654
2049-04-02,22.866666666666667,0.07177426205760044
2049-04-09,22.886111111111113,0.07177516569605227
2049-04-16,22.905555555555555,0.07177606587896272
2049-04-23,22.925,0.07177696261859481
2049-04-30,22.944444444444443,0.07177785592717387
2049-05-07,22.96388888888889,0.07177874581688763
2049-05-14,22.983333333333334,0.07177963229988636
2049-05-21,23.002777777777776,0.07178051538828287
2049-05-28,23.022222222222222,0.07178139509415261
2049-06-04,23.041666666666668,0.07178227142953379
2049-06-11,23.06111111111111,0.0717831444064274
2049-06-18,23.080555555555556,0.07178401403679731
2049-06-25,23.1,0.07178488033257034
2049-07-02,23.119444444444444,0.0717857433056364
2049-07-09,23.13888888888889,0.07178660296784843
2049-07-16,23.158333333333335,0.07178745933102264
2049-07-23,23.177777777777777,0.07178831240693846
2049-07-30,23.197222222222223,0.07178916220733869
2049-08-06,23.216666666666665,0.07179000874392955
2049-08-13,23.23611111111111,0.07179085202838076
2049-08-20,23.255555555555556,0.07179169207232564
2049-08-27,23.275,0.07179252888736114
2049-09-03,23.294444444444444,0.07179336248504799
2049-09-10,23.31388888888889,0.0717941928769107
2049-09-17,23.333333333333332,0.07179502007443773
2049-09-24,23.352777777777778,0.07179584408908148
2049-10-01,23.372222222222224,0.0717966649322584
2049-10-08,23.391666666666666,0.0717974826153491
2049-10-15,23.41111111111111,0.07179829714969838
2049-10-22,23.430555555555557,0.07179910854661535
2049-10-29,23.45,0.07179991681737351
2049-11-05,23.469444444444445,0.07180072197321079
2049-11-12,23.488888888888887,0.07180152402532963
2049-11-19,23.508333333333333,0.07180232298489714
2049-11-26,23.52777777777778,0.07180311886304507
2049-12-03,23.54722222222222,0.07180391167086997
2049-12-10,23.566666666666666,0.07180470141943324
2049-12-17,23.586111111111112,0.0718054881197612
2049-12-24,23.605555555555554,0.07180627178284517
2049-12-31,23.625,0.07180705241964158
2050-01-07,23.644444444444446,0.07180783004107205
2050-01-14,23.663888888888888,0.0718086046580234
2050-01-21,23.683333333333334,0.07180937628134781
2050-01-28,23.70277777777778,0.0718101449218629
2050-02-04,23.72222222222222,0.07181091059035172
2050-02-11,23.741666666666667,0.0718116732975629
2050-02-18,23.761111111111113,0.07181243305421078
2050-02-25,23.780555555555555,0.0718131898709754
2050-03-04,23.8,0.07181394375850257
2050-03-11,23.819444444444443,0.07181469472740405
2050-03-18,23.83888888888889,0.07181544278825755
2050-03-25,23.858333333333334,0.07181618795160684
2050-04-01,23.877777777777776,0.0718169302279618
2050-04-08,23.897222222222222,0.07181766962779855
2050-04-15,23.916666666666668,0.07181840616155952
2050-04-22,23.93611111111111,0.07181913983965343
2050-04-29,23.955555555555556,0.07181987067245559
2050-05-06,23.975,0.0718205986703077
2050-05-13,23.994444444444444,0.07182132384351819
2050-05-20,24.01388888888889,0.07182204620236214
2050-05-27,24.033333333333335,0.07182276575708141
2050-06-03,24.052777777777777,0.0718234825178847
2050-06-10,24.072222222222223,0.07182419649494769
2050-06-17,24.091666666666665,0.07182490769841304
2050-06-24,24.11111111111111,0.07182561613839053
2050-07-01,24.130555555555556,0.07182632182495712
2050-07-08,24.15,0.071827024768157
2050-07-15,24.169444444444444,0.07182772497800176
2050-07-22,24.18888888888889,0.07182842246447034
2050-07-29,24.208333333333332,0.07182911723750925
2050-08-05,24.227777777777778,0.07182980930703252
2050-08-12,24.247222222222224,0.07183049868292186
2050-08-19,24.266666666666666,0.0718311853750268
2050-08-26,24.28611111111111,0.07183186939316454
2050-09-02,24.305555555555557,0.07183255074712033
2050-09-09,24.325,0.07183322944664733
2050-09-16,24.344444444444445,0.07183390550146675
2050-09-23,24.363888888888887,0.071834578921268
2050-09-30,24.383333333333333,0.07183524971570869
2050-10-07,24.40277777777778,0.07183591789441472
2050-10-14,24.42222222222222,0.07183658346698041
2050-10-21,24.441666666666666,0.07183724644296847
2050-10-28,24.461111111111112,0.07183790683191027
2050-11-04,24.480555555555554,0.0718385646433057
2050-11-11,24.5,0.07183921988662341
2050-11-18,24.519444444444446,0.07183987257130084
2050-11-25,24.538888888888888,0.07184052270674426
2050-12-02,24.558333333333334,0.07184117030232892
2050-12-09,24.57777777777778,0.07184181536739909
2050-12-16,24.59722222222222,0.07184245791126811
2050-12-23,24.616666666666667,0.07184309794321857
2050-12-30,24.636111111111113,0.07184373547250227
2051-01-06,24.655555555555555,0.07184437050834035
2051-01-13,24.675,0.07184500305992342
2051-01-20,24.694444444444443,0.0718456331364116
2051-01-27,24.71388888888889,0.07184626074693452
2051-02-03,24.733333333333334,0.07184688590059153
2051-02-10,24.752777777777776,0.07184750860645171
2051-02-17,24.772222222222222,0.07184812887355399
2051-02-24,24.791666666666668,0.07184874671090716
2051-03-03,24.81111111111111,0.07184936212748999
2051-03-10,24.830555555555556,0.07184997513225135
2051-03-17,24.85,0.07185058573411021
2051-03-24,24.869444444444444,0.07185119394195577
2051-03-31,24.88888888888889,0.07185179976464756
2051-04-07,24.908333333333335,0.07185240321101542
2051-04-14,24.927777777777777,0.0718530042898597
2051-04-21,24.947222222222223,0.07185360300995129
2051-04-28,24.966666666666665,0.07185419938003165
2051-05-05,24.98611111111111,0.07185479340881293
2051-05-12,25.005555555555556,0.07185538510497812
2051-05-19,25.025,0.07185597447718095
2051-05-26,25.044444444444444,0.0718565615340462
2051-06-02,25.06388888888889,0.07185714628416955
2051-06-09,25.083333333333332,0.07185772873611783
2051-06-16,25.102777777777778,0.07185830889842901
2051-06-23,25.122222222222224,0.07185888677961227
2051-06-30,25.141666666666666,0.0718594623881482
2051-07-07,25.16111111111111,0.0718600357324887
2051-07-14,25.180555555555557,0.07186060682105713
2051-07-21,25.2,0.07186117566224849
2051-07-28,25.219444444444445,0.07186174226442936
2051-08-04,25.238888888888887,0.07186230663593801
2051-08-11,25.258333333333333,0.07186286878508452
2051-08-18,25.27777777777778,0.07186342872015085
2051-08-25,25.29722222222222,0.07186398644939088
2051-09-01,25.316666666666666,0.0718645419810305
2051-09-08,25.336111111111112,0.07186509532326768
2051-09-15,25.355555555555554,0.07186564648427263
2051-09-22,25.375,0.07186619547218773
2051-09-29,25.394444444444446,0.07186674229512773
2051-10-06,25.413888888888888,0.07186728696117978
2051-10-13,25.433333333333334,0.07186782947840352
2051-10-20,25.45277777777778,0.0718683698548311
2051-10-27,25.47222222222222,0.07186890809846734
2051-11-03,25.491666666666667,0.0718694442172898
2051-11-10,25.511111111111113,0.07186997821924875
2051-11-17,25.530555555555555,0.07187051011226736
2051-11-24,25.55,0.07187103990424176
2051-12-01,25.569444444444443,0.07187156760304109
2051-12-08,25.58888888888889,0.07187209321650755
2051-12-15,25.608333333333334,0.07187261675245651
2051-12-22,25.627777777777776,0.07187313821867662
2051-12-29,25.647222222222222,0.0718736576229298
2052-01-05,25.666666666666668,0.0718741749729514
2052-01-12,25.68611111111111,0.07187469027645024
2052-01-19,25.705555555555556,0.07187520354110866
2052-01-26,25.725,0.07187571477458261
2052-02-02,25.744444444444444,0.07187622398450179
2052-02-09,25.76388888888889,0.07187673117846964
2052-02-16,25.783333333333335,0.0718772363640634
2052-02-23,25.802777777777777,0.07187773954883431
2052-03-01,25.822222222222223,0.07187824074030753
2052-03-08,25.841666666666665,0.07187873994598237
2052-03-15,25.86111111111111,0.07187923717333221
2052-03-22,25.880555555555556,0.0718797324298047
2052-03-29,25.9,0.07188022572282173
2052-04-05,25.919444444444444,0.07188071705977958
2052-04-12,25.93888888888889,0.07188120644804902
2052-04-19,25.958333333333332,0.07188169389497524
2052-04-26,25.977777777777778,0.07188217940787812
2052-05-03,25.997222222222224,0.0718826629940521
2052-05-10,26.016666666666666,0.07188314466076647
2052-05-17,26.03611111111111,0.0718836244152652
2052-05-24,26.055555555555557,0.07188410226476726
2052-05-31,26.075,0.07188457821646649
2052-06-07,26.094444444444445,0.0718850522775318
2052-06-14,26.113888888888887,0.0718855244551072
2052-06-21,26.133333333333333,0.07188599475631187
2052-06-28,26.15277777777778,0.07188646318824024
2052-07-05,26.17222222222222,0.07188692975796206
2052-07-12,26.191666666666666,0.07188739447252245
2052-07-19,26.211111111111112,0.07188785733894203
2052-07-26,26.230555555555554,0.07188831836421693
2052-08-02,26.25,0.07188877755531892
2052-08-09,26.269444444444446,0.07188923491919541
2052-08-16,26.288888888888888,0.0718896904627696
2052-08-23,26.308333333333334,0.07189014419294051
2052-08-30,26.32777777777778,0.07189059611658302
2052-09-06,26.34722222222222,0.07189104624054803
2052-09-13,26.366666666666667,0.07189149457166243
2052-09-20,26.386111111111113,0.07189194111672927
2052-09-27,26.405555555555555,0.07189238588252773
2052-10-04,26.425,0.0718928288758133
2052-10-11,26.444444444444443,0.07189327010331774
2052-10-18,26.46388888888889,0.07189370957174925
2052-10-25,26.483333333333334,0.07189414728779246
2052-11-01,26.502777777777776,0.07189458325810855
2052-11-08,26.522222222222222,0.0718950174893353
2052-11-15,26.541666666666668,0.0718954499880872
2052-11-22,26.56111111111111,0.0718958807609554
2052-11-29,26.580555555555556,0.07189630981450801
2052-12-06,26.6,0.07189673715528985
2052-12-13,26.619444444444444,0.07189716278982286
2052-12-20,26.63888888888889,0.07189758672460589
2052-12-27,26.658333333333335,0.07189800896611492
2053-01-03,26.677777777777777,0.07189842952080315
2053-01-10,26.697222222222223,0.0718988483951009
2053-01-17,26.716666666666665,0.0718992655954159
2053-01-24,26.73611111111111,0.0718996811281332
2053-01-31,26.755555555555556,0.07190009499961529
2053-02-07,26.775,0.07190050721620217
2053-02-14,26.794444444444444,0.07190091778421145
2053-02-21,26.81388888888889,0.07190132670993835
2053-02-28,26.833333333333332,0.07190173399965578
2053-03-07,26.852777777777778,0.07190213965961449
2053-03-14,26.872222222222224,0.07190254369604308
2053-03-21,26.891666666666666,0.07190294611514798
2053-03-28,26.91111111111111,0.07190334692311375
2053-04-04,26.930555555555557,0.07190374612610284
2053-04-11,26.95,0.07190414373025594
2053-04-18,26.969444444444445,0.0719045397416919
2053-04-25,26.988888888888887,0.07190493416650778
2053-05-02,27.008333333333333,0.07190532701077902
2053-05-09,27.02777777777778,0.07190571828055942
2053-05-16,27.04722222222222,0.07190610798188123
2053-05-23,27.066666666666666,0.07190649612075523
2053-05-30,27.086111111111112,0.07190688270317078
2053-06-06,27.105555555555554,0.07190726773509591
2053-06-13,27.125,0.07190765122247739
2053-06-20,27.144444444444446,0.07190803317124071
2053-06-27,27.163888888888888,0.07190841358729028
2053-07-04,27.183333333333334,0.07190879247650939
2053-07-11,27.20277777777778,0.07190916984476034
2053-07-18,27.22222222222222,0.07190954569788445
2053-07-25,27.241666666666667,0.07190992004170217
2053-08-01,27.261111111111113,0.07191029288201314
2053-08-08,27.280555555555555,0.07191066422459623
2053-08-15,27.3,0.07191103407520961
2053-08-22,27.319444444444443,0.07191140243959088
2053-08-29,27.33888888888889,0.071911769323457
2053-09-05,27.358333333333334,0.07191213473250448
2053-09-12,27.377777777777776,0.0719124986724094
2053-09-19,27.397222222222222,0.07191286114882746
2053-09-26,27.416666666666668,0.07191322216739406
2053-10-03,27.43611111111111,0.07191358173372436
2053-10-10,27.455555555555556,0.07191393985341334
2053-10-17,27.475,0.07191429653203586
2053-10-24,27.494444444444444,0.07191465177514676
2053-10-31,27.51388888888889,0.07191500558828089
2053-11-07,27.533333333333335,0.07191535797695313
2053-11-14,27.552777777777777,0.07191570894665857
2053-11-21,27.572222222222223,0.07191605850287243
2053-11-28,27.591666666666665,0.07191640665105027
2053-12-05,27.61111111111111,0.07191675339662794
2053-12-12,27.630555555555556,0.07191709874502167
2053-12-19,27.65,0.07191744270162816
2053-12-26,27.669444444444444,0.07191778527182463
2054-01-02,27.68888888888889,0.07191812646096889
2054-01-09,27.708333333333332,0.07191846627439936
2054-01-16,27.727777777777778,0.07191880471743518
2054-01-23,27.747222222222224,0.07191914179537623
2054-01-30,27.766666666666666,0.07191947751350326
2054-02-06,27.78611111111111,0.07191981187707787
2054-02-13,27.805555555555557,0.07192014489134262
2054-02-20,27.825,0.07192047656152106
2054-02-27,27.844444444444445,0.07192080689281785
2054-03-06,27.863888888888887,0.07192113589041874
2054-03-13,27.883333333333333,0.07192146355949068
2054-03-20,27.90277777777778,0.0719217899051819
2054-03-27,27.92222222222222,0.0719221149326219
2054-04-03,27.941666666666666,0.07192243864692158
2054-04-10,27.961111111111112,0.07192276105317326
2054-04-17,27.980555555555554,0.07192308215645074
2054-04-24,28.0,0.07192340196180941
2054-05-01,28.019444444444446,0.07192372047428622
2054-05-08,28.038888888888888,0.07192403769889984
2054-05-15,28.058333333333334,0.07192435364065063
2054-05-22,28.07777777777778,0.07192466830452077
2054-05-29,28.09722222222222,0.07192498169547425
2054-06-05,28.116666666666667,0.071925293818457
2054-06-12,28.136111111111113,0.07192560467839693
2054-06-19,28.155555555555555,0.07192591428020391
2054-06-26,28.175,0.07192622262876995
2054-07-03,28.194444444444443,0.0719265297289692
2054-07-10,28.21388888888889,0.07192683558565796
2054-07-17,28.233333333333334,0.07192714020367484
2054-07-24,28.252777777777776,0.07192744358784074
2054-07-31,28.272222222222222,0.07192774574295893
2054-08-07,28.291666666666668,0.07192804667381514
2054-08-14,28.31111111111111,0.07192834638517752
2054-08-21,28.330555555555556,0.07192864488179686
2054-08-28,28.35,0.07192894216840647
2054-09-04,28.369444444444444,0.07192923824972237
2054-09-11,28.38888888888889,0.07192953313044327
2054-09-18,28.408333333333335,0.07192982681525065
2054-09-25,28.427777777777777,0.07193011930880884
2054-10-02,28.447222222222223,0.07193041061576505
2054-10-09,28.466666666666665,0.07193070074074943
2054-10-16,28.48611111111111,0.0719309896883751
2054-10-23,28.505555555555556,0.07193127746323828
2054-10-30,28.525,0.07193156406991828
2054-11-06,28.544444444444444,0.0719318495129776
2054-11-13,28.56388888888889,0.07193213379696188
2054-11-20,28.583333333333332,0.07193241692640014
2054-11-27,28.602777777777778,0.07193269890580466
2054-12-04,28.622222222222224,0.07193297973967115
2054-12-11,28.641666666666666,0.07193325943247875
2054-12-18,28.66111111111111,0.0719335379886901
2054-12-25,28.680555555555557,0.07193381541275135
2055-01-01,28.7,0.0719340917090923
2055-01-08,28.719444444444445,0.07193436688212643
2055-01-15,28.738888888888887,0.07193464093625089
2055-01-22,28.758333333333333,0.07193491387584662
2055-01-29,28.77777777777778,0.07193518570527838
2055-02-05,28.79722222222222,0.0719354564288948
2055-02-12,28.816666666666666,0.07193572605102848
2055-02-19,28.836111111111112,0.07193599457599592
2055-02-26,28.855555555555554,0.07193626200809775
2055-03-05,28.875,0.07193652835161864
2055-03-12,28.894444444444446,0.0719367936108274
2055-03-19,28.913888888888888,0.0719370577899771
2055-03-26,28.933333333333334,0.07193732089330498
2055-04-02,28.95277777777778,0.07193758292503263
2055-04-09,28.97222222222222,0.07193784388936596
2055-04-16,28.991666666666667,0.07193810379049534
2055-04-23,29.011111111111113,0.07193836263259556
2055-04-30,29.030555555555555,0.07193862041982593
2055-05-07,29.05,0.07193887715633034
2055-05-14,29.069444444444443,0.07193913284623726
2055-05-21,29.08888888888889,0.07193938749365988
2055-05-28,29.108333333333334,0.07193964110269609
2055-06-04,29.127777777777776,0.0719398936774285
2055-06-11,29.147222222222222,0.07194014522192464
2055-06-18,29.166666666666668,0.07194039574023683
2055-06-25,29.18611111111111,0.07194064523640235
2055-07-02,29.205555555555556,0.07194089371444345
2055-07-09,29.225,0.07194114117836742
2055-07-16,29.244444444444444,0.0719413876321666
2055-07-23,29.26388888888889,0.07194163307981849
2055-07-30,29.283333333333335,0.07194187752528575
2055-08-06,29.302777777777777,0.07194212097251625
2055-08-13,29.322222222222223,0.07194236342544316
2055-08-20,29.341666666666665,0.07194260488798498
2055-08-27,29.36111111111111,0.07194284536404562
2055-09-03,29.380555555555556,0.07194308485751433
2055-09-10,29.4,0.07194332337226592
2055-09-17,29.419444444444444,0.07194356091216067
2055-09-24,29.43888888888889,0.07194379748104449
2055-10-01,29.458333333333332,0.07194403308274887
2055-10-08,29.477777777777778,0.071944267721091
2055-10-15,29.497222222222224,0.07194450139987377
2055-10-22,29.516666666666666,0.07194473412288586
2055-10-29,29.53611111111111,0.07194496589390177
2055-11-05,29.555555555555557,0.07194519671668187
2055-11-12,29.575,0.07194542659497241
2055-11-19,29.594444444444445,0.07194565553250569
2055-11-26,29.613888888888887,0.07194588353299991
2055-12-03,29.633333333333333,0.07194611060015942
2055-12-10,29.65277777777778,0.07194633673767464
2055-12-17,29.67222222222222,0.07194656194922217
2055-12-24,29.691666666666666,0.07194678623846476
2055-12-31,29.711111111111112,0.0719470096090515
2056-01-07,29.730555555555554,0.07194723206461769
2056-01-14,29.75,0.071947453608785
2056-01-21,29.769444444444446,0.07194767424516156
2056-01-28,29.788888888888888,0.07194789397734183
2056-02-04,29.808333333333334,0.07194811280890684
2056-02-11,29.82777777777778,0.07194833074342412
2056-02-18,29.84722222222222,0.07194854778444774
2056-02-25,29.866666666666667,0.0719487639355185
2056-03-03,29.886111111111113,0.07194897920016377
2056-03-10,29.905555555555555,0.07194919358189769
2056-03-17,29.925,0.07194940708422112
2056-03-24,29.944444444444443,0.07194961971062178
2056-03-31,29.96388888888889,0.0719498314645742
2056-04-07,29.983333333333334,0.07195004234953986
2056-04-14,30.002777777777776,0.07195025236896714
2056-04-21,30.022222222222222,0.0719504615262914
2056-04-28,30.041666666666668,0.07195066982493512
2056-05-05,30.06111111111111,0.07195087726830773
2056-05-12,30.080555555555556,0.0719510838598059
2056-05-19,30.1,0.07195128960281344
2056-05-26,30.119444444444444,0.07195149450070132
2056-06-02,30.13888888888889,0.07195169855682783
2056-06-09,30.158333333333335,0.07195190177453856
2056-06-16,30.177777777777777,0.07195210415716641
2056-06-23,30.197222222222223,0.07195230570803168
2056-06-30,30.216666666666665,0.07195250643044214
2056-07-07,30.23611111111111,0.07195270632769302
2056-07-14,30.255555555555556,0.07195290540306705
2056-07-21,30.275,0.07195310365983455
2056-07-28,30.294444444444444,0.07195330110125346
2056-08-04,30.31388888888889,0.07195349773056935
2056-08-11,30.333333333333332,0.07195369355101548
2056-08-18,30.352777777777778,0.07195388856581288
2056-08-25,30.372222222222224,0.07195408277817035
2056-09-01,30.391666666666666,0.0719542761912845
2056-09-08,30.41111111111111,0.0719544688083398
2056-09-15,30.430555555555557,0.07195466063250867
2056-09-18,30.43888888888889,0.07195474260093003
