scenario,reference_date,method,bump_bp,shock_index,shock_tenor,node_index,node_tenor,node_date,maturity_distance,central_sensitivity_bp_per_bp,curvature_bp_per_bp2
FTIIE_KNOWN_TRUTH_V1,2026-09-18,LOG_LINEAR_DF,1.0,0,1M,0,1M,2026-10-21,0,0.9945129552470233,-7.031532300860732e-06
FTIIE_KNOWN_TRUTH_V1,2026-09-18,LOG_LINEAR_DF,1.0,0,1M,1,2M,2026-11-20,1,-0.040671430278776954,2.7315474881994817e-06
FTIIE_KNOWN_TRUTH_V1,2026-09-18,LOG_LINEAR_DF,1.0,0,1M,2,3M,2026-12-22,2,0.0014318608267116506,1.3805528942256728e-06
FTIIE_KNOWN_TRUTH_V1,2026-09-18,LOG_LINEAR_DF,1.0,0,1M,3,6M,2027-03-22,3,-0.0011688635301321249,7.371150911872348e-07
FTIIE_KNOWN_TRUTH_V1,2026-09-18,LOG_LINEAR_DF,1.0,0,1M,4,9M,2027-06-22,4,-0.000709120746497649,4.912394102607465e-07
FTIIE_KNOWN_TRUTH_V1,2026-09-18,LOG_LINEAR_DF,1.0,0,1M,5,1Y,2027-09-22,5,-0.000527047462686725,3.6861777519270333e-07
FTIIE_KNOWN_TRUTH_V1,2026-09-18,LOG_LINEAR_DF,1.0,0,1M,6,2Y,2028-09-20,6,-0.0002550934790485071,1.8529330847449899e-07
FTIIE_KNOWN_TRUTH_V1,2026-09-18,LOG_LINEAR_DF,1.0,0,1M,7,3Y,2029-09-20,7,-0.00016679176477463198,1.236073743360322e-07
FTIIE_KNOWN_TRUTH_V1,2026-09-18,LOG_LINEAR_DF,1.0,0,1M,8,4Y,2030-09-20,8,-0.0001240600754071064,9.273665169118317e-08
FTIIE_KNOWN_TRUTH_V1,2026-09-18,LOG_LINEAR_DF,1.0,0,1M,9,5Y,2031-09-22,9,-9.901571715320578e-05,7.411571356641389e-08
FTIIE_KNOWN_TRUTH_V1,2026-09-18,LOG_LINEAR_DF,1.0,0,1M,10,7Y,2033-09-21,10,-7.135098394062123e-05,5.297220995181817e-08
FTIIE_KNOWN_TRUTH_V1,2026-09-18,LOG_LINEAR_DF,1.0,0,1M,11,10Y,2036-09-22,11,-5.101765156168003e-05,3.713016005768566e-08
FTIIE_KNOWN_TRUTH_V1,2026-09-18,LOG_LINEAR_DF,1.0,0,1M,12,15Y,2041-09-20,12,-3.512762344892728e-05,2.477601457329115e-08
FTIIE_KNOWN_TRUTH_V1,2026-09-18,LOG_LINEAR_DF,1.0,0,1M,13,20Y,2046-09-20,13,-2.6878230335869446e-05,1.854627562636324e-08
FTIIE_KNOWN_TRUTH_V1,2026-09-18,LOG_LINEAR_DF,1.0,0,1M,14,30Y,2056-09-20,14,-1.8291845121920502e-05,1.2430889650971721e-08
FTIIE_KNOWN_TRUTH_V1,2026-09-18,LOG_LINEAR_DF,1.0,1,2M,0,1M,2026-10-21,-1,-1.8318679906315083e-11,3.6637359812630166e-11
FTIIE_KNOWN_TRUTH_V1,2026-09-18,LOG_LINEAR_DF,1.0,1,2M,1,2M,2026-11-20,0,1.0350800358827765,3.9845331201160405e-06
FTIIE_KNOWN_TRUTH_V1,2026-09-18,LOG_LINEAR_DF,1.0,1,2M,2,3M,2026-12-22,1,-0.10266397464826771,6.468807017823153e-06
FTIIE_KNOWN_TRUTH_V1,2026-09-18,LOG_LINEAR_DF,1.0,1,2M,3,6M,2027-03-22,2,0.0007723188326369534,2.5525231928114067e-06
FTIIE_KNOWN_TRUTH_V1,2026-09-18,LOG_LINEAR_DF,1.0,1,2M,4,9M,2027-06-22,3,-0.0011394650817342367,1.7269086161064706e-06
FTIIE_KNOWN_TRUTH_V1,2026-09-18,LOG_LINEAR_DF,1.0,1,2M,5,1Y,2027-09-22,4,-0.0007859851992864098,1.295160090286629e-06
FTIIE_KNOWN_TRUTH_V1,2026-09-18,LOG_LINEAR_DF,1.0,1,2M,6,2Y,2028-09-20,5,-0.0003783553092356895,6.514695727322106e-07
FTIIE_KNOWN_TRUTH_V1,2026-09-18,LOG_LINEAR_DF,1.0,1,2M,7,3Y,2029-09-20,6,-0.00024641333036534707,4.3475043010055003e-07
FTIIE_KNOWN_TRUTH_V1,2026-09-18,LOG_LINEAR_DF,1.0,1,2M,8,4Y,2030-09-20,7,-0.00018296632015024628,3.2623709289580916e-07
FTIIE_KNOWN_TRUTH_V1,2026-09-18,LOG_LINEAR_DF,1.0,1,2M,9,5Y,2031-09-22,8,-0.00014598342638894035,2.607734861381772e-07
FTIIE_KNOWN_TRUTH_V1,2026-09-18,LOG_LINEAR_DF,1.0,1,2M,10,7Y,2033-09-21,9,-0.00010535899909458468,1.8644655264132837e-07
FTIIE_KNOWN_TRUTH_V1,2026-09-18,LOG_LINEAR_DF,1.0,1,2M,11,10Y,2036-09-22,10,-7.5637534499573e-05,1.3058734649185055e-07
FTIIE_KNOWN_TRUTH_V1,2026-09-18,LOG_LINEAR_DF,1.0,1,2M,12,15Y,2041-09-20,11,-5.2381326845485354e-05,8.720676958340334e-08
FTIIE_KNOWN_TRUTH_V1,2026-09-18,LOG_LINEAR_DF,1.0,1,2M,13,20Y,2046-09-20,12,-4.022229931066601e-05,6.542447139601393e-08
FTIIE_KNOWN_TRUTH_V1,2026-09-18,LOG_LINEAR_DF,1.0,1,2M,14,30Y,2056-09-20,13,-2.747125540936146e-05,4.3697268026221536e-08
FTIIE_KNOWN_TRUTH_V1,2026-09-18,LOG_LINEAR_DF,1.0,2,3M,0,1M,2026-10-21,-2,1.2212453270876722e-11,0.0
FTIIE_KNOWN_TRUTH_V1,2026-09-18,LOG_LINEAR_DF,1.0,2,3M,1,2M,2026-11-20,-1,-9.645062526431047e-12,-9.645062526431047e-11
FTIIE_KNOWN_TRUTH_V1,2026-09-18,LOG_LINEAR_DF,1.0,2,3M,2,3M,2026-12-22,0,1.0955825396453955,1.5614223525250992e-05
FTIIE_KNOWN_TRUTH_V1,2026-09-18,LOG_LINEAR_DF,1.0,2,3M,3,6M,2027-03-22,1,-0.03334438719818089,3.5558567201832147e-06
FTIIE_KNOWN_TRUTH_V1,2026-09-18,LOG_LINEAR_DF,1.0,2,3M,4,9M,2027-06-22,2,-0.003518519113843155,2.340693194824439e-06
FTIIE_KNOWN_TRUTH_V1,2026-09-18,LOG_LINEAR_DF,1.0,2,3M,5,1Y,2027-09-22,3,-0.0032237948525276616,1.7568506371912207e-06
FTIIE_KNOWN_TRUTH_V1,2026-09-18,LOG_LINEAR_DF,1.0,2,3M,6,2Y,2028-09-20,4,-0.0015490581641713908,8.831431419498159e-07
FTIIE_KNOWN_TRUTH_V1,2026-09-18,LOG_LINEAR_DF,1.0,2,3M,7,3Y,2029-09-20,5,-0.0010112612770785123,5.891373500155339e-07
FTIIE_KNOWN_TRUTH_V1,2026-09-18,LOG_LINEAR_DF,1.0,2,3M,8,4Y,2030-09-20,6,-0.0007516530587531323,4.420218358003325e-07
FTIIE_KNOWN_TRUTH_V1,2026-09-18,LOG_LINEAR_DF,1.0,2,3M,9,5Y,2031-09-22,7,-0.0005998367905157842,3.533440207093008e-07
FTIIE_KNOWN_TRUTH_V1,2026-09-18,LOG_LINEAR_DF,1.0,2,3M,10,7Y,2033-09-21,8,-0.0004325144456474028,2.526673315017547e-07
FTIIE_KNOWN_TRUTH_V1,2026-09-18,LOG_LINEAR_DF,1.0,2,3M,11,10Y,2036-09-22,9,-0.00030976151421668874,1.7701978771711424e-07
FTIIE_KNOWN_TRUTH_V1,2026-09-18,LOG_LINEAR_DF,1.0,2,3M,12,15Y,2041-09-20,10,-0.0002137838811533399,1.182245967790152e-07
FTIIE_KNOWN_TRUTH_V1,2026-09-18,LOG_LINEAR_DF,1.0,2,3M,13,20Y,2046-09-20,11,-0.00016381474822468878,8.870862377996502e-08
FTIIE_KNOWN_TRUTH_V1,2026-09-18,LOG_LINEAR_DF,1.0,2,3M,14,30Y,2056-09-20,12,-0.00011164628548054889,5.925440693665962e-08
FTIIE_KNOWN_TRUTH_V1,2026-09-18,LOG_LINEAR_DF,1.0,3,6M,0,1M,2026-10-21,-3,4.884981308350689e-11,2.4424906541753444e-11
FTIIE_KNOWN_TRUTH_V1,2026-09-18,LOG_LINEAR_DF,1.0,3,6M,1,2M,2026-11-20,-2,3.5388358909926865e-11,-3.219646771412954e-11
FTIIE_KNOWN_TRUTH_V1,2026-09-18,LOG_LINEAR_DF,1.0,3,6M,2,3M,2026-12-22,-1,1.5057399771478686e-11,-4.704570066849101e-11
FTIIE_KNOWN_TRUTH_V1,2026-09-18,LOG_LINEAR_DF,1.0,3,6M,3,6M,2027-03-22,0,1.0279303596240352,2.169592699940992e-05
FTIIE_KNOWN_TRUTH_V1,2026-09-18,LOG_LINEAR_DF,1.0,3,6M,4,9M,2027-06-22,1,-0.04433921348280523,5.2175681830579634e-06
FTIIE_KNOWN_TRUTH_V1,2026-09-18,LOG_LINEAR_DF,1.0,3,6M,5,1Y,2027-09-22,2,-0.008480254473156035,3.563969536157785e-06
FTIIE_KNOWN_TRUTH_V1,2026-09-18,LOG_LINEAR_DF,1.0,3,6M,6,2Y,2028-09-20,3,-0.004361240041883541,1.7922732742370329e-06
FTIIE_KNOWN_TRUTH_V1,2026-09-18,LOG_LINEAR_DF,1.0,3,6M,7,3Y,2029-09-20,4,-0.0028456346027466717,1.1945276712221897e-06
FTIIE_KNOWN_TRUTH_V1,2026-09-18,LOG_LINEAR_DF,1.0,3,6M,8,4Y,2030-09-20,5,-0.002114997483884662,8.958779551537788e-07
FTIIE_KNOWN_TRUTH_V1,2026-09-18,LOG_LINEAR_DF,1.0,3,6M,9,5Y,2031-09-22,6,-0.0016878000148878858,7.16102732667423e-07
FTIIE_KNOWN_TRUTH_V1,2026-09-18,LOG_LINEAR_DF,1.0,3,6M,10,7Y,2033-09-21,7,-0.0012170552288887082,5.12226233650992e-07
FTIIE_KNOWN_TRUTH_V1,2026-09-18,LOG_LINEAR_DF,1.0,3,6M,11,10Y,2036-09-22,8,-0.000871753520342855,3.5918434893034146e-07
FTIIE_KNOWN_TRUTH_V1,2026-09-18,LOG_LINEAR_DF,1.0,3,6M,12,15Y,2041-09-20,9,-0.0006017591420298674,2.4027654865754755e-07
FTIIE_KNOWN_TRUTH_V1,2026-09-18,LOG_LINEAR_DF,1.0,3,6M,13,20Y,2046-09-20,10,-0.0004611590045944247,1.8051282690834114e-07
FTIIE_KNOWN_TRUTH_V1,2026-09-18,LOG_LINEAR_DF,1.0,3,6M,14,30Y,2056-09-20,11,-0.0003143347363648852,1.2058534726300252e-07
FTIIE_KNOWN_TRUTH_V1,2026-09-18,LOG_LINEAR_DF,1.0,4,9M,0,1M,2026-10-21,-4,-3.0531133177191805e-11,1.2212453270876722e-11
FTIIE_KNOWN_TRUTH_V1,2026-09-18,LOG_LINEAR_DF,1.0,4,9M,1,2M,2026-11-20,-3,0.0,-5.134781488891349e-11
FTIIE_KNOWN_TRUTH_V1,2026-09-18,LOG_LINEAR_DF,1.0,4,9M,2,3M,2026-12-22,-2,-8.604228440844963e-12,-4.274358644806853e-11
FTIIE_KNOWN_TRUTH_V1,2026-09-18,LOG_LINEAR_DF,1.0,4,9M,3,6M,2027-03-22,-1,-1.124100812432971e-11,9.880984919163893e-11
FTIIE_KNOWN_TRUTH_V1,2026-09-18,LOG_LINEAR_DF,1.0,4,9M,4,9M,2027-06-22,0,1.0436305776830719,5.093479846229876e-05
FTIIE_KNOWN_TRUTH_V1,2026-09-18,LOG_LINEAR_DF,1.0,4,9M,5,1Y,2027-09-22,1,-0.032312284154664694,7.632331849860563e-06
FTIIE_KNOWN_TRUTH_V1,2026-09-18,LOG_LINEAR_DF,1.0,4,9M,6,2Y,2028-09-20,2,-0.0066899203676057395,4.126994440634135e-06
FTIIE_KNOWN_TRUTH_V1,2026-09-18,LOG_LINEAR_DF,1.0,4,9M,7,3Y,2029-09-20,3,-0.004402836336556137,2.74965508695324e-06
FTIIE_KNOWN_TRUTH_V1,2026-09-18,LOG_LINEAR_DF,1.0,4,9M,8,4Y,2030-09-20,4,-0.0032727274521665572,2.0622649421486727e-06
FTIIE_KNOWN_TRUTH_V1,2026-09-18,LOG_LINEAR_DF,1.0,4,9M,9,5Y,2031-09-22,5,-0.002611762147317065,1.6484545672934559e-06
FTIIE_KNOWN_TRUTH_V1,2026-09-18,LOG_LINEAR_DF,1.0,4,9M,10,7Y,2033-09-21,6,-0.0018830531692964891,1.1791111143022448e-06
FTIIE_KNOWN_TRUTH_V1,2026-09-18,LOG_LINEAR_DF,1.0,4,9M,11,10Y,2036-09-22,7,-0.0013483084811138912,8.267536655282015e-07
FTIIE_KNOWN_TRUTH_V1,2026-09-18,LOG_LINEAR_DF,1.0,4,9M,12,15Y,2041-09-20,8,-0.0009302346790779348,5.529722513220037e-07
FTIIE_KNOWN_TRUTH_V1,2026-09-18,LOG_LINEAR_DF,1.0,4,9M,13,20Y,2046-09-20,9,-0.0007126594616518878,4.154103450115798e-07
FTIIE_KNOWN_TRUTH_V1,2026-09-18,LOG_LINEAR_DF,1.0,4,9M,14,30Y,2056-09-20,10,-0.00048560566859312537,2.774760976542723e-07
FTIIE_KNOWN_TRUTH_V1,2026-09-18,LOG_LINEAR_DF,1.0,5,1Y,0,1M,2026-10-21,-5,-1.2212453270876722e-11,0.0
FTIIE_KNOWN_TRUTH_V1,2026-09-18,LOG_LINEAR_DF,1.0,5,1Y,1,2M,2026-11-20,-4,-6.38378239159465e-12,-3.858025010572419e-11
FTIIE_KNOWN_TRUTH_V1,2026-09-18,LOG_LINEAR_DF,1.0,5,1Y,2,3M,2026-12-22,-3,6.453171330633722e-12,-6.425415755018093e-11
FTIIE_KNOWN_TRUTH_V1,2026-09-18,LOG_LINEAR_DF,1.0,5,1Y,3,6M,2027-03-22,-2,0.0,8.548717289613705e-11
FTIIE_KNOWN_TRUTH_V1,2026-09-18,LOG_LINEAR_DF,1.0,5,1Y,4,9M,2027-06-22,-1,-1.5265566588595902e-12,1.0075273948473296e-10
FTIIE_KNOWN_TRUTH_V1,2026-09-18,LOG_LINEAR_DF,1.0,5,1Y,5,1Y,2027-09-22,0,1.0389751541860226,8.068801210514565e-05
FTIIE_KNOWN_TRUTH_V1,2026-09-18,LOG_LINEAR_DF,1.0,5,1Y,6,2Y,2028-09-20,1,-0.026433312778420537,5.833441646396764e-06
FTIIE_KNOWN_TRUTH_V1,2026-09-18,LOG_LINEAR_DF,1.0,5,1Y,7,3Y,2029-09-20,2,-0.015202565316896344,4.013632204369344e-06
FTIIE_KNOWN_TRUTH_V1,2026-09-18,LOG_LINEAR_DF,1.0,5,1Y,8,4Y,2030-09-20,3,-0.011308182026117941,3.008787524683143e-06
FTIIE_KNOWN_TRUTH_V1,2026-09-18,LOG_LINEAR_DF,1.0,5,1Y,9,5Y,2031-09-22,4,-0.00902407998291943,2.4049602587172814e-06
FTIIE_KNOWN_TRUTH_V1,2026-09-18,LOG_LINEAR_DF,1.0,5,1Y,10,7Y,2033-09-21,5,-0.006507101193153897,1.7206946978376436e-06
FTIIE_KNOWN_TRUTH_V1,2026-09-18,LOG_LINEAR_DF,1.0,5,1Y,11,10Y,2036-09-22,6,-0.004660781910414968,1.2073692046143947e-06
FTIIE_KNOWN_TRUTH_V1,2026-09-18,LOG_LINEAR_DF,1.0,5,1Y,12,15Y,2041-09-20,7,-0.0032171417599369256,8.084788394313591e-07
FTIIE_KNOWN_TRUTH_V1,2026-09-18,LOG_LINEAR_DF,1.0,5,1Y,13,20Y,2046-09-20,8,-0.0024654001722773655,6.078547387655675e-07
FTIIE_KNOWN_TRUTH_V1,2026-09-18,LOG_LINEAR_DF,1.0,5,1Y,14,30Y,2056-09-20,9,-0.0016804214388738137,4.062920833103334e-07
FTIIE_KNOWN_TRUTH_V1,2026-09-18,LOG_LINEAR_DF,1.0,6,2Y,0,1M,2026-10-21,-6,2.4424906541753444e-11,2.4424906541753444e-11
FTIIE_KNOWN_TRUTH_V1,2026-09-18,LOG_LINEAR_DF,1.0,6,2Y,1,2M,2026-11-20,-5,9.575673587391975e-12,-3.219646771412954e-11
FTIIE_KNOWN_TRUTH_V1,2026-09-18,LOG_LINEAR_DF,1.0,6,2Y,2,3M,2026-12-22,-4,2.1510571102112408e-12,-5.564992910933597e-11
FTIIE_KNOWN_TRUTH_V1,2026-09-18,LOG_LINEAR_DF,1.0,6,2Y,3,6M,2027-03-22,-3,-2.2898349882893854e-12,8.090750291955828e-11
FTIIE_KNOWN_TRUTH_V1,2026-09-18,LOG_LINEAR_DF,1.0,6,2Y,4,9M,2027-06-22,-2,-7.632783294297951e-13,9.3119956190435e-11
FTIIE_KNOWN_TRUTH_V1,2026-09-18,LOG_LINEAR_DF,1.0,6,2Y,5,1Y,2027-09-22,-1,-4.093947403305265e-12,7.591149930874508e-11
FTIIE_KNOWN_TRUTH_V1,2026-09-18,LOG_LINEAR_DF,1.0,6,2Y,6,2Y,2028-09-20,0,1.0324085472172144,0.00010592426089028883
FTIIE_KNOWN_TRUTH_V1,2026-09-18,LOG_LINEAR_DF,1.0,6,2Y,7,3Y,2029-09-20,1,-0.05339066280210525,9.207000162270162e-06
FTIIE_KNOWN_TRUTH_V1,2026-09-18,LOG_LINEAR_DF,1.0,6,2Y,8,4Y,2030-09-20,2,-0.03653800497521731,7.1257022504767065e-06
FTIIE_KNOWN_TRUTH_V1,2026-09-18,LOG_LINEAR_DF,1.0,6,2Y,9,5Y,2031-09-22,3,-0.02917253509149287,5.691043469813195e-06
FTIIE_KNOWN_TRUTH_V1,2026-09-18,LOG_LINEAR_DF,1.0,6,2Y,10,7Y,2033-09-21,4,-0.021035342368733168,4.08378844629631e-06
FTIIE_KNOWN_TRUTH_V1,2026-09-18,LOG_LINEAR_DF,1.0,6,2Y,11,10Y,2036-09-22,5,-0.015066192554230584,2.888181638294185e-06
FTIIE_KNOWN_TRUTH_V1,2026-09-18,LOG_LINEAR_DF,1.0,6,2Y,12,15Y,2041-09-20,6,-0.010398962805996392,1.9572052312177846e-06
FTIIE_KNOWN_TRUTH_V1,2026-09-18,LOG_LINEAR_DF,1.0,6,2Y,13,20Y,2046-09-20,7,-0.007968782522252416,1.4829014405304264e-06
FTIIE_KNOWN_TRUTH_V1,2026-09-18,LOG_LINEAR_DF,1.0,6,2Y,14,30Y,2056-09-20,8,-0.005431344242898262,9.99197530271445e-07
FTIIE_KNOWN_TRUTH_V1,2026-09-18,LOG_LINEAR_DF,1.0,7,3Y,0,1M,2026-10-21,-7,0.0,0.0
FTIIE_KNOWN_TRUTH_V1,2026-09-18,LOG_LINEAR_DF,1.0,7,3Y,1,2M,2026-11-20,-6,3.2612801348363973e-12,-6.522560269672795e-12
FTIIE_KNOWN_TRUTH_V1,2026-09-18,LOG_LINEAR_DF,1.0,7,3Y,2,3M,2026-12-22,-5,-2.1510571102112408e-12,-4.704570066849101e-11
FTIIE_KNOWN_TRUTH_V1,2026-09-18,LOG_LINEAR_DF,1.0,7,3Y,3,6M,2027-03-22,-4,-1.1102230246251565e-12,1.1907141939104804e-10
FTIIE_KNOWN_TRUTH_V1,2026-09-18,LOG_LINEAR_DF,1.0,7,3Y,4,9M,2027-06-22,-3,3.885780586188048e-12,1.0852430065710905e-10
FTIIE_KNOWN_TRUTH_V1,2026-09-18,LOG_LINEAR_DF,1.0,7,3Y,5,1Y,2027-09-22,-2,-4.649058915617843e-12,7.480127628411992e-11
FTIIE_KNOWN_TRUTH_V1,2026-09-18,LOG_LINEAR_DF,1.0,7,3Y,6,2Y,2028-09-20,-1,9.71445146547012e-13,3.469446951953614e-11
FTIIE_KNOWN_TRUTH_V1,2026-09-18,LOG_LINEAR_DF,1.0,7,3Y,7,3Y,2029-09-20,0,1.06924106614191,0.00023386231326472107
FTIIE_KNOWN_TRUTH_V1,2026-09-18,LOG_LINEAR_DF,1.0,7,3Y,8,4Y,2030-09-20,1,-0.061919918055430845,1.2752645606184387e-05
FTIIE_KNOWN_TRUTH_V1,2026-09-18,LOG_LINEAR_DF,1.0,7,3Y,9,5Y,2031-09-22,2,-0.04546559306137232,1.0893797808275707e-05
FTIIE_KNOWN_TRUTH_V1,2026-09-18,LOG_LINEAR_DF,1.0,7,3Y,10,7Y,2033-09-21,3,-0.032816731687507206,7.805737167743132e-06
FTIIE_KNOWN_TRUTH_V1,2026-09-18,LOG_LINEAR_DF,1.0,7,3Y,11,10Y,2036-09-22,4,-0.0235033757889358,5.510195633107173e-06
FTIIE_KNOWN_TRUTH_V1,2026-09-18,LOG_LINEAR_DF,1.0,7,3Y,12,15Y,2041-09-20,5,-0.016221511235856023,3.7239129835331397e-06
FTIIE_KNOWN_TRUTH_V1,2026-09-18,LOG_LINEAR_DF,1.0,7,3Y,13,20Y,2046-09-20,6,-0.012430186772036111,2.8166875776225453e-06
FTIIE_KNOWN_TRUTH_V1,2026-09-18,LOG_LINEAR_DF,1.0,7,3Y,14,30Y,2056-09-20,7,-0.008471830024517346,1.8945715829499221e-06
FTIIE_KNOWN_TRUTH_V1,2026-09-18,LOG_LINEAR_DF,1.0,8,4Y,0,1M,2026-10-21,-8,6.106226635438361e-12,-3.6637359812630166e-11
FTIIE_KNOWN_TRUTH_V1,2026-09-18,LOG_LINEAR_DF,1.0,8,4Y,1,2M,2026-11-20,-7,6.453171330633722e-12,-5.1486592766991635e-11
FTIIE_KNOWN_TRUTH_V1,2026-09-18,LOG_LINEAR_DF,1.0,8,4Y,2,3M,2026-12-22,-6,2.1510571102112408e-12,-7.28583859910259e-11
FTIIE_KNOWN_TRUTH_V1,2026-09-18,LOG_LINEAR_DF,1.0,8,4Y,3,6M,2027-03-22,-5,4.5102810375396984e-12,6.730727086790012e-11
FTIIE_KNOWN_TRUTH_V1,2026-09-18,LOG_LINEAR_DF,1.0,8,4Y,4,9M,2027-06-22,-4,8.396061623727746e-12,7.78543896018391e-11
FTIIE_KNOWN_TRUTH_V1,2026-09-18,LOG_LINEAR_DF,1.0,8,4Y,5,1Y,2027-09-22,-3,5.828670879282072e-12,6.300515664747763e-11
FTIIE_KNOWN_TRUTH_V1,2026-09-18,LOG_LINEAR_DF,1.0,8,4Y,6,2Y,2028-09-20,-2,4.718447854656915e-12,2.7200464103316335e-11
FTIIE_KNOWN_TRUTH_V1,2026-09-18,LOG_LINEAR_DF,1.0,8,4Y,7,3Y,2029-09-20,-1,2.0122792321330962e-12,3.2057689836051395e-11
FTIIE_KNOWN_TRUTH_V1,2026-09-18,LOG_LINEAR_DF,1.0,8,4Y,8,4Y,2030-09-20,0,1.1079797034006105,0.0003807851577108945
FTIIE_KNOWN_TRUTH_V1,2026-09-18,LOG_LINEAR_DF,1.0,8,4Y,9,5Y,2031-09-22,1,-0.0735679651368143,1.526254414518924e-05
FTIIE_KNOWN_TRUTH_V1,2026-09-18,LOG_LINEAR_DF,1.0,8,4Y,10,7Y,2033-09-21,2,-0.04496072862611444,1.3237187457271204e-05
FTIIE_KNOWN_TRUTH_V1,2026-09-18,LOG_LINEAR_DF,1.0,8,4Y,11,10Y,2036-09-22,3,-0.03221865320882089,9.332470074507881e-06
FTIIE_KNOWN_TRUTH_V1,2026-09-18,LOG_LINEAR_DF,1.0,8,4Y,12,15Y,2041-09-20,4,-0.022236751456433668,6.300232280320728e-06
FTIIE_KNOWN_TRUTH_V1,2026-09-18,LOG_LINEAR_DF,1.0,8,4Y,13,20Y,2046-09-20,5,-0.017039626565920618,4.762185784601414e-06
FTIIE_KNOWN_TRUTH_V1,2026-09-18,LOG_LINEAR_DF,1.0,8,4Y,14,30Y,2056-09-20,6,-0.011613471678911802,3.200973375250271e-06
FTIIE_KNOWN_TRUTH_V1,2026-09-18,LOG_LINEAR_DF,1.0,9,5Y,0,1M,2026-10-21,-9,1.2212453270876722e-11,-2.4424906541753444e-11
FTIIE_KNOWN_TRUTH_V1,2026-09-18,LOG_LINEAR_DF,1.0,9,5Y,1,2M,2026-11-20,-8,2.2551405187698492e-11,-4.5102810375396984e-11
FTIIE_KNOWN_TRUTH_V1,2026-09-18,LOG_LINEAR_DF,1.0,9,5Y,2,3M,2026-12-22,-7,4.3021142204224816e-12,-6.855627177060342e-11
FTIIE_KNOWN_TRUTH_V1,2026-09-18,LOG_LINEAR_DF,1.0,9,5Y,3,6M,2027-03-22,-6,7.840950111415168e-12,7.396860901565105e-11
FTIIE_KNOWN_TRUTH_V1,2026-09-18,LOG_LINEAR_DF,1.0,9,5Y,4,9M,2027-06-22,-5,9.159339953157541e-12,7.632783294297951e-11
FTIIE_KNOWN_TRUTH_V1,2026-09-18,LOG_LINEAR_DF,1.0,9,5Y,5,1Y,2027-09-22,-4,1.1657341758564144e-11,5.6066262743570405e-11
FTIIE_KNOWN_TRUTH_V1,2026-09-18,LOG_LINEAR_DF,1.0,9,5Y,6,2Y,2028-09-20,-3,-5.898059818321144e-12,2.706168622523819e-11
FTIIE_KNOWN_TRUTH_V1,2026-09-18,LOG_LINEAR_DF,1.0,9,5Y,7,3Y,2029-09-20,-2,-7.632783294297951e-12,2.525757381022231e-11
FTIIE_KNOWN_TRUTH_V1,2026-09-18,LOG_LINEAR_DF,1.0,9,5Y,8,4Y,2030-09-20,-1,-9.922618282587337e-12,2.4841240175987878e-11
FTIIE_KNOWN_TRUTH_V1,2026-09-18,LOG_LINEAR_DF,1.0,9,5Y,9,5Y,2031-09-22,0,1.1545176417113168,0.0005517091164475296
FTIIE_KNOWN_TRUTH_V1,2026-09-18,LOG_LINEAR_DF,1.0,9,5Y,10,7Y,2033-09-21,1,-0.0927126329614697,1.2652969366699907e-05
FTIIE_KNOWN_TRUTH_V1,2026-09-18,LOG_LINEAR_DF,1.0,9,5Y,11,10Y,2036-09-22,2,-0.06440726667077123,9.759093116956663e-06
FTIIE_KNOWN_TRUTH_V1,2026-09-18,LOG_LINEAR_DF,1.0,9,5Y,12,15Y,2041-09-20,3,-0.04445938123251447,6.641152905384473e-06
FTIIE_KNOWN_TRUTH_V1,2026-09-18,LOG_LINEAR_DF,1.0,9,5Y,13,20Y,2046-09-20,4,-0.03406874953190697,5.048420570474832e-06
FTIIE_KNOWN_TRUTH_V1,2026-09-18,LOG_LINEAR_DF,1.0,9,5Y,14,30Y,2056-09-20,5,-0.0232200072824984,3.414347415908736e-06
FTIIE_KNOWN_TRUTH_V1,2026-09-18,LOG_LINEAR_DF,1.0,10,7Y,0,1M,2026-10-21,-10,-6.106226635438361e-12,1.2212453270876722e-11
FTIIE_KNOWN_TRUTH_V1,2026-09-18,LOG_LINEAR_DF,1.0,10,7Y,1,2M,2026-11-20,-9,-3.191891195797325e-12,-3.219646771412954e-11
FTIIE_KNOWN_TRUTH_V1,2026-09-18,LOG_LINEAR_DF,1.0,10,7Y,2,3M,2026-12-22,-8,-1.5057399771478686e-11,-4.704570066849101e-11
FTIIE_KNOWN_TRUTH_V1,2026-09-18,LOG_LINEAR_DF,1.0,10,7Y,3,6M,2027-03-22,-7,-5.620504062164855e-12,9.200973316580985e-11
FTIIE_KNOWN_TRUTH_V1,2026-09-18,LOG_LINEAR_DF,1.0,10,7Y,4,9M,2027-06-22,-6,-3.816391647148976e-12,9.922618282587337e-11
FTIIE_KNOWN_TRUTH_V1,2026-09-18,LOG_LINEAR_DF,1.0,10,7Y,5,1Y,2027-09-22,-5,-6.38378239159465e-12,7.133182933216631e-11
FTIIE_KNOWN_TRUTH_V1,2026-09-18,LOG_LINEAR_DF,1.0,10,7Y,6,2Y,2028-09-20,-4,-4.649058915617843e-12,3.094746681142624e-11
FTIIE_KNOWN_TRUTH_V1,2026-09-18,LOG_LINEAR_DF,1.0,10,7Y,7,3Y,2029-09-20,-3,-3.816391647148976e-12,2.9282132274488504e-11
FTIIE_KNOWN_TRUTH_V1,2026-09-18,LOG_LINEAR_DF,1.0,10,7Y,8,4Y,2030-09-20,-2,-5.342948306008566e-12,2.373101715136272e-11
FTIIE_KNOWN_TRUTH_V1,2026-09-18,LOG_LINEAR_DF,1.0,10,7Y,9,5Y,2031-09-22,-1,-4.7878367936959876e-12,1.2073675392798577e-11
FTIIE_KNOWN_TRUTH_V1,2026-09-18,LOG_LINEAR_DF,1.0,10,7Y,10,7Y,2033-09-21,0,1.195884619220808,0.0007545954440468794
FTIIE_KNOWN_TRUTH_V1,2026-09-18,LOG_LINEAR_DF,1.0,10,7Y,11,10Y,2036-09-22,1,-0.1644899834668534,2.0353236318548795e-05
FTIIE_KNOWN_TRUTH_V1,2026-09-18,LOG_LINEAR_DF,1.0,10,7Y,12,15Y,2041-09-20,2,-0.11054942861854489,1.5909792094870312e-05
FTIIE_KNOWN_TRUTH_V1,2026-09-18,LOG_LINEAR_DF,1.0,10,7Y,13,20Y,2046-09-20,3,-0.0847151657402262,1.2400483834218434e-05
FTIIE_KNOWN_TRUTH_V1,2026-09-18,LOG_LINEAR_DF,1.0,10,7Y,14,30Y,2056-09-20,4,-0.05773834950990875,8.605793161420294e-06
FTIIE_KNOWN_TRUTH_V1,2026-09-18,LOG_LINEAR_DF,1.0,11,10Y,0,1M,2026-10-21,-11,-6.106226635438361e-12,-1.2212453270876722e-11
FTIIE_KNOWN_TRUTH_V1,2026-09-18,LOG_LINEAR_DF,1.0,11,10Y,1,2M,2026-11-20,-10,9.575673587391975e-12,-3.219646771412954e-11
FTIIE_KNOWN_TRUTH_V1,2026-09-18,LOG_LINEAR_DF,1.0,11,10Y,2,3M,2026-12-22,-9,4.3021142204224816e-12,-6.855627177060342e-11
FTIIE_KNOWN_TRUTH_V1,2026-09-18,LOG_LINEAR_DF,1.0,11,10Y,3,6M,2027-03-22,-8,6.800116025829084e-12,7.188694084447889e-11
FTIIE_KNOWN_TRUTH_V1,2026-09-18,LOG_LINEAR_DF,1.0,11,10Y,4,9M,2027-06-22,-7,5.412337245047638e-12,7.188694084447889e-11
FTIIE_KNOWN_TRUTH_V1,2026-09-18,LOG_LINEAR_DF,1.0,11,10Y,5,1Y,2027-09-22,-6,8.118505867571457e-12,5.1486592766991635e-11
FTIIE_KNOWN_TRUTH_V1,2026-09-18,LOG_LINEAR_DF,1.0,11,10Y,6,2Y,2028-09-20,-5,2.5673907444456745e-12,2.9004576518332215e-11
FTIIE_KNOWN_TRUTH_V1,2026-09-18,LOG_LINEAR_DF,1.0,11,10Y,7,3Y,2029-09-20,-4,4.5102810375396984e-12,3.150257832373882e-11
FTIIE_KNOWN_TRUTH_V1,2026-09-18,LOG_LINEAR_DF,1.0,11,10Y,8,4Y,2030-09-20,-3,2.4980018054066022e-12,1.942890293094024e-11
FTIIE_KNOWN_TRUTH_V1,2026-09-18,LOG_LINEAR_DF,1.0,11,10Y,9,5Y,2031-09-22,-2,3.2612801348363973e-12,9.575673587391975e-12
FTIIE_KNOWN_TRUTH_V1,2026-09-18,LOG_LINEAR_DF,1.0,11,10Y,10,7Y,2033-09-21,-1,3.885780586188048e-12,1.1934897514720433e-11
FTIIE_KNOWN_TRUTH_V1,2026-09-18,LOG_LINEAR_DF,1.0,11,10Y,11,10Y,2036-09-22,0,1.305845092029606,0.0012830206416736267
FTIIE_KNOWN_TRUTH_V1,2026-09-18,LOG_LINEAR_DF,1.0,11,10Y,12,15Y,2041-09-20,1,-0.2888781520570677,6.630212059932639e-05
FTIIE_KNOWN_TRUTH_V1,2026-09-18,LOG_LINEAR_DF,1.0,11,10Y,13,20Y,2046-09-20,2,-0.2202162650027234,5.35018697400691e-05
FTIIE_KNOWN_TRUTH_V1,2026-09-18,LOG_LINEAR_DF,1.0,11,10Y,14,30Y,2056-09-20,3,-0.1500915563443228,3.786406854722202e-05
FTIIE_KNOWN_TRUTH_V1,2026-09-18,LOG_LINEAR_DF,1.0,12,15Y,0,1M,2026-10-21,-12,0.0,0.0
FTIIE_KNOWN_TRUTH_V1,2026-09-18,LOG_LINEAR_DF,1.0,12,15Y,1,2M,2026-11-20,-11,-9.645062526431047e-12,-8.368306048112117e-11
FTIIE_KNOWN_TRUTH_V1,2026-09-18,LOG_LINEAR_DF,1.0,12,15Y,2,3M,2026-12-22,-10,-6.38378239159465e-12,-4.718447854656915e-11
FTIIE_KNOWN_TRUTH_V1,2026-09-18,LOG_LINEAR_DF,1.0,12,15Y,3,6M,2027-03-22,-9,-1.1102230246251565e-12,1.0103029524088925e-10
FTIIE_KNOWN_TRUTH_V1,2026-09-18,LOG_LINEAR_DF,1.0,12,15Y,4,9M,2027-06-22,-8,-1.5265566588595902e-12,1.1324274851176597e-10
FTIIE_KNOWN_TRUTH_V1,2026-09-18,LOG_LINEAR_DF,1.0,12,15Y,5,1Y,2027-09-22,-7,0.0,7.938094626069869e-11
FTIIE_KNOWN_TRUTH_V1,2026-09-18,LOG_LINEAR_DF,1.0,12,15Y,6,2Y,2028-09-20,-6,4.371503159461554e-12,4.038436252074007e-11
FTIIE_KNOWN_TRUTH_V1,2026-09-18,LOG_LINEAR_DF,1.0,12,15Y,7,3Y,2029-09-20,-5,7.147060721024445e-12,3.8719027983802334e-11
FTIIE_KNOWN_TRUTH_V1,2026-09-18,LOG_LINEAR_DF,1.0,12,15Y,8,4Y,2030-09-20,-4,4.718447854656915e-12,2.8033131371785203e-11
FTIIE_KNOWN_TRUTH_V1,2026-09-18,LOG_LINEAR_DF,1.0,12,15Y,9,5Y,2031-09-22,-3,4.232725281383409e-12,1.6237011735142914e-11
FTIIE_KNOWN_TRUTH_V1,2026-09-18,LOG_LINEAR_DF,1.0,12,15Y,10,7Y,2033-09-21,-2,1.8735013540549517e-12,2.2620794126737565e-11
FTIIE_KNOWN_TRUTH_V1,2026-09-18,LOG_LINEAR_DF,1.0,12,15Y,11,10Y,2036-09-22,-1,1.1102230246251565e-12,1.554312234475219e-11
FTIIE_KNOWN_TRUTH_V1,2026-09-18,LOG_LINEAR_DF,1.0,12,15Y,12,15Y,2041-09-20,0,1.504336247041063,0.002520518423004825
FTIIE_KNOWN_TRUTH_V1,2026-09-18,LOG_LINEAR_DF,1.0,12,15Y,13,20Y,2046-09-20,1,-0.4952928413340385,0.00029046834992829673
FTIIE_KNOWN_TRUTH_V1,2026-09-18,LOG_LINEAR_DF,1.0,12,15Y,14,30Y,2056-09-20,2,-0.3358914394497453,0.000206818182163504
FTIIE_KNOWN_TRUTH_V1,2026-09-18,LOG_LINEAR_DF,1.0,13,20Y,0,1M,2026-10-21,-13,0.0,0.0
FTIIE_KNOWN_TRUTH_V1,2026-09-18,LOG_LINEAR_DF,1.0,13,20Y,1,2M,2026-11-20,-12,0.0,-5.134781488891349e-11
FTIIE_KNOWN_TRUTH_V1,2026-09-18,LOG_LINEAR_DF,1.0,13,20Y,2,3M,2026-12-22,-11,1.2906342661267445e-11,-6.855627177060342e-11
FTIIE_KNOWN_TRUTH_V1,2026-09-18,LOG_LINEAR_DF,1.0,13,20Y,3,6M,2027-03-22,-10,1.1102230246251565e-12,6.966649479522857e-11
FTIIE_KNOWN_TRUTH_V1,2026-09-18,LOG_LINEAR_DF,1.0,13,20Y,4,9M,2027-06-22,-9,6.869504964868156e-12,7.78543896018391e-11
FTIIE_KNOWN_TRUTH_V1,2026-09-18,LOG_LINEAR_DF,1.0,13,20Y,5,1Y,2027-09-22,-8,8.118505867571457e-12,6.314393452555578e-11
FTIIE_KNOWN_TRUTH_V1,2026-09-18,LOG_LINEAR_DF,1.0,13,20Y,6,2Y,2028-09-20,-7,0.0,3.802513859341161e-11
FTIIE_KNOWN_TRUTH_V1,2026-09-18,LOG_LINEAR_DF,1.0,13,20Y,7,3Y,2029-09-20,-6,1.8041124150158794e-12,3.774758283725532e-11
FTIIE_KNOWN_TRUTH_V1,2026-09-18,LOG_LINEAR_DF,1.0,13,20Y,8,4Y,2030-09-20,-5,-5.551115123125783e-13,3.0808688933348094e-11
FTIIE_KNOWN_TRUTH_V1,2026-09-18,LOG_LINEAR_DF,1.0,13,20Y,9,5Y,2031-09-22,-4,0.0,2.1649348980190553e-11
FTIIE_KNOWN_TRUTH_V1,2026-09-18,LOG_LINEAR_DF,1.0,13,20Y,10,7Y,2033-09-21,-3,1.0408340855860843e-12,2.6506574712925612e-11
FTIIE_KNOWN_TRUTH_V1,2026-09-18,LOG_LINEAR_DF,1.0,13,20Y,11,10Y,2036-09-22,-2,-3.469446951953614e-13,1.8735013540549517e-11
FTIIE_KNOWN_TRUTH_V1,2026-09-18,LOG_LINEAR_DF,1.0,13,20Y,12,15Y,2041-09-20,-1,-2.0816681711721685e-13,2.0122792321330962e-11
FTIIE_KNOWN_TRUTH_V1,2026-09-18,LOG_LINEAR_DF,1.0,13,20Y,13,20Y,2046-09-20,0,1.887106530376742,0.005902159298243337
FTIIE_KNOWN_TRUTH_V1,2026-09-18,LOG_LINEAR_DF,1.0,13,20Y,14,30Y,2056-09-20,1,-0.8799364443900365,0.000869400648556562
FTIIE_KNOWN_TRUTH_V1,2026-09-18,LOG_LINEAR_DF,1.0,14,30Y,0,1M,2026-10-21,-14,1.2212453270876722e-11,2.4424906541753444e-11
FTIIE_KNOWN_TRUTH_V1,2026-09-18,LOG_LINEAR_DF,1.0,14,30Y,1,2M,2026-11-20,-13,-3.191891195797325e-12,-1.942890293094024e-11
FTIIE_KNOWN_TRUTH_V1,2026-09-18,LOG_LINEAR_DF,1.0,14,30Y,2,3M,2026-12-22,-12,2.220446049250313e-12,-2.9976021664879227e-11
FTIIE_KNOWN_TRUTH_V1,2026-09-18,LOG_LINEAR_DF,1.0,14,30Y,3,6M,2027-03-22,-11,-1.1796119636642288e-12,1.0560996521746802e-10
FTIIE_KNOWN_TRUTH_V1,2026-09-18,LOG_LINEAR_DF,1.0,14,30Y,4,9M,2027-06-22,-10,-7.632783294297951e-13,1.1171619185290638e-10
FTIIE_KNOWN_TRUTH_V1,2026-09-18,LOG_LINEAR_DF,1.0,14,30Y,5,1Y,2027-09-22,-9,-4.649058915617843e-12,7.702172233337023e-11
FTIIE_KNOWN_TRUTH_V1,2026-09-18,LOG_LINEAR_DF,1.0,14,30Y,6,2Y,2028-09-20,-8,-4.649058915617843e-12,3.094746681142624e-11
FTIIE_KNOWN_TRUTH_V1,2026-09-18,LOG_LINEAR_DF,1.0,14,30Y,7,3Y,2029-09-20,-7,-1.8041124150158794e-12,3.0531133177191805e-11
FTIIE_KNOWN_TRUTH_V1,2026-09-18,LOG_LINEAR_DF,1.0,14,30Y,8,4Y,2030-09-20,-6,-1.2490009027033011e-12,2.4147350785597155e-11
FTIIE_KNOWN_TRUTH_V1,2026-09-18,LOG_LINEAR_DF,1.0,14,30Y,9,5Y,2031-09-22,-5,9.020562075079397e-13,1.5404344466674047e-11
FTIIE_KNOWN_TRUTH_V1,2026-09-18,LOG_LINEAR_DF,1.0,14,30Y,10,7Y,2033-09-21,-4,1.3183898417423734e-12,2.5118795932144167e-11
FTIIE_KNOWN_TRUTH_V1,2026-09-18,LOG_LINEAR_DF,1.0,14,30Y,11,10Y,2036-09-22,-3,-1.3877787807814457e-12,1.3877787807814457e-11
FTIIE_KNOWN_TRUTH_V1,2026-09-18,LOG_LINEAR_DF,1.0,14,30Y,12,15Y,2041-09-20,-2,1.8735013540549517e-12,1.5681900222830336e-11
FTIIE_KNOWN_TRUTH_V1,2026-09-18,LOG_LINEAR_DF,1.0,14,30Y,13,20Y,2046-09-20,-1,-4.7878367936959876e-12,4.0245584642661925e-12
FTIIE_KNOWN_TRUTH_V1,2026-09-18,LOG_LINEAR_DF,1.0,14,30Y,14,30Y,2056-09-20,0,2.4904789751237915,0.014405179247917177
FTIIE_KNOWN_TRUTH_V1,2026-09-18,LINEAR_CONTINUOUS_ZERO,1.0,0,1M,0,1M,2026-10-21,0,0.9945129552470233,-7.031532300860732e-06
FTIIE_KNOWN_TRUTH_V1,2026-09-18,LINEAR_CONTINUOUS_ZERO,1.0,0,1M,1,2M,2026-11-20,1,-0.07499127967873498,3.848351221025226e-06
FTIIE_KNOWN_TRUTH_V1,2026-09-18,LINEAR_CONTINUOUS_ZERO,1.0,0,1M,2,3M,2026-12-22,2,0.007959644727634219,1.4703996353837567e-06
FTIIE_KNOWN_TRUTH_V1,2026-09-18,LINEAR_CONTINUOUS_ZERO,1.0,0,1M,3,6M,2027-03-22,3,-0.001678942329191857,8.566583553637486e-07
FTIIE_KNOWN_TRUTH_V1,2026-09-18,LINEAR_CONTINUOUS_ZERO,1.0,0,1M,4,9M,2027-06-22,4,-0.000774189600413755,5.732746222175678e-07
FTIIE_KNOWN_TRUTH_V1,2026-09-18,LINEAR_CONTINUOUS_ZERO,1.0,0,1M,5,1Y,2027-09-22,5,-0.0005936135095280237,4.3233791546803957e-07
FTIIE_KNOWN_TRUTH_V1,2026-09-18,LINEAR_CONTINUOUS_ZERO,1.0,0,1M,6,2Y,2028-09-20,6,-0.0002860714488212013,2.1599874666655694e-07
FTIIE_KNOWN_TRUTH_V1,2026-09-18,LINEAR_CONTINUOUS_ZERO,1.0,0,1M,7,3Y,2029-09-20,7,-0.00018745539190345717,1.4414441862342642e-07
FTIIE_KNOWN_TRUTH_V1,2026-09-18,LINEAR_CONTINUOUS_ZERO,1.0,0,1M,8,4Y,2030-09-20,8,-0.00013949238604482606,1.0812198358856051e-07
FTIIE_KNOWN_TRUTH_V1,2026-09-18,LINEAR_CONTINUOUS_ZERO,1.0,0,1M,9,5Y,2031-09-22,9,-0.00011128030094620378,8.637729420613027e-08
FTIIE_KNOWN_TRUTH_V1,2026-09-18,LINEAR_CONTINUOUS_ZERO,1.0,0,1M,10,7Y,2033-09-21,10,-7.994085282625463e-05,6.160127963283912e-08
FTIIE_KNOWN_TRUTH_V1,2026-09-18,LINEAR_CONTINUOUS_ZERO,1.0,0,1M,11,10Y,2036-09-22,11,-5.6788547614372575e-05,4.292288746654549e-08
FTIIE_KNOWN_TRUTH_V1,2026-09-18,LINEAR_CONTINUOUS_ZERO,1.0,0,1M,12,15Y,2041-09-20,12,-3.863403451320746e-05,2.837216572793011e-08
FTIIE_KNOWN_TRUTH_V1,2026-09-18,LINEAR_CONTINUOUS_ZERO,1.0,0,1M,13,20Y,2046-09-20,13,-2.936886005222572e-05,2.1177087861090627e-08
FTIIE_KNOWN_TRUTH_V1,2026-09-18,LINEAR_CONTINUOUS_ZERO,1.0,0,1M,14,30Y,2056-09-20,14,-1.9556030544931602e-05,1.3826439992925543e-08
FTIIE_KNOWN_TRUTH_V1,2026-09-18,LINEAR_CONTINUOUS_ZERO,1.0,1,2M,0,1M,2026-10-21,-1,0.0,-2.4424906541753444e-11
FTIIE_KNOWN_TRUTH_V1,2026-09-18,LINEAR_CONTINUOUS_ZERO,1.0,1,2M,1,2M,2026-11-20,0,1.0693937415645616,5.900537281000595e-06
FTIIE_KNOWN_TRUTH_V1,2026-09-18,LINEAR_CONTINUOUS_ZERO,1.0,1,2M,2,3M,2026-12-22,1,-0.15773666936835795,8.366587145314242e-06
FTIIE_KNOWN_TRUTH_V1,2026-09-18,LINEAR_CONTINUOUS_ZERO,1.0,1,2M,3,6M,2027-03-22,2,0.0060383168799110765,2.7839509864069356e-06
FTIIE_KNOWN_TRUTH_V1,2026-09-18,LINEAR_CONTINUOUS_ZERO,1.0,1,2M,4,9M,2027-06-22,3,-0.0011732035513911665,1.96341998215388e-06
FTIIE_KNOWN_TRUTH_V1,2026-09-18,LINEAR_CONTINUOUS_ZERO,1.0,1,2M,5,1Y,2027-09-22,4,-0.0006129830947693149,1.4758551325488867e-06
FTIIE_KNOWN_TRUTH_V1,2026-09-18,LINEAR_CONTINUOUS_ZERO,1.0,1,2M,6,2Y,2028-09-20,5,-0.0002953055407151073,7.376810273740375e-07
FTIIE_KNOWN_TRUTH_V1,2026-09-18,LINEAR_CONTINUOUS_ZERO,1.0,1,2M,7,3Y,2029-09-20,6,-0.00019200630065052682,4.924168017783614e-07
FTIIE_KNOWN_TRUTH_V1,2026-09-18,LINEAR_CONTINUOUS_ZERO,1.0,1,2M,8,4Y,2030-09-20,7,-0.0001423996048854903,3.693709227370334e-07
FTIIE_KNOWN_TRUTH_V1,2026-09-18,LINEAR_CONTINUOUS_ZERO,1.0,1,2M,9,5Y,2031-09-22,8,-0.00011352872281156223,2.9510144328170895e-07
FTIIE_KNOWN_TRUTH_V1,2026-09-18,LINEAR_CONTINUOUS_ZERO,1.0,1,2M,10,7Y,2033-09-21,9,-8.180523279610608e-05,2.1044818665494347e-07
FTIIE_KNOWN_TRUTH_V1,2026-09-18,LINEAR_CONTINUOUS_ZERO,1.0,1,2M,11,10Y,2036-09-22,10,-5.857872444059442e-05,1.4662257519226785e-07
FTIIE_KNOWN_TRUTH_V1,2026-09-18,LINEAR_CONTINUOUS_ZERO,1.0,1,2M,12,15Y,2041-09-20,11,-4.032036371448555e-05,9.6868901788838e-08
FTIIE_KNOWN_TRUTH_V1,2026-09-18,LINEAR_CONTINUOUS_ZERO,1.0,1,2M,13,20Y,2046-09-20,12,-3.08711792240679e-05,7.228662113334394e-08
FTIIE_KNOWN_TRUTH_V1,2026-09-18,LINEAR_CONTINUOUS_ZERO,1.0,1,2M,14,30Y,2056-09-20,13,-2.0712843870618336e-05,4.716685375605323e-08
FTIIE_KNOWN_TRUTH_V1,2026-09-18,LINEAR_CONTINUOUS_ZERO,1.0,2,3M,0,1M,2026-10-21,-2,-1.2212453270876722e-11,2.4424906541753444e-11
FTIIE_KNOWN_TRUTH_V1,2026-09-18,LINEAR_CONTINUOUS_ZERO,1.0,2,3M,1,2M,2026-11-20,-1,9.645062526431047e-12,1.9290125052862095e-11
FTIIE_KNOWN_TRUTH_V1,2026-09-18,LINEAR_CONTINUOUS_ZERO,1.0,2,3M,2,3M,2026-12-22,0,1.1441215158222717,1.8632600740087213e-05
FTIIE_KNOWN_TRUTH_V1,2026-09-18,LINEAR_CONTINUOUS_ZERO,1.0,2,3M,3,6M,2027-03-22,1,-0.06237426756164344,4.793784813550417e-06
FTIIE_KNOWN_TRUTH_V1,2026-09-18,LINEAR_CONTINUOUS_ZERO,1.0,2,3M,4,9M,2027-06-22,2,-0.002709394240560381,2.8901785131818514e-06
FTIIE_KNOWN_TRUTH_V1,2026-09-18,LINEAR_CONTINUOUS_ZERO,1.0,2,3M,5,1Y,2027-09-22,3,-0.003933811901293827,2.1912931191803153e-06
FTIIE_KNOWN_TRUTH_V1,2026-09-18,LINEAR_CONTINUOUS_ZERO,1.0,2,3M,6,2Y,2028-09-20,4,-0.001855902205319393,1.0939517347541283e-06
FTIIE_KNOWN_TRUTH_V1,2026-09-18,LINEAR_CONTINUOUS_ZERO,1.0,2,3M,7,3Y,2029-09-20,5,-0.0012117481346107795,7.298897597429743e-07
FTIIE_KNOWN_TRUTH_V1,2026-09-18,LINEAR_CONTINUOUS_ZERO,1.0,2,3M,8,4Y,2030-09-20,6,-0.0009002068039609679,5.474093400792412e-07
FTIIE_KNOWN_TRUTH_V1,2026-09-18,LINEAR_CONTINUOUS_ZERO,1.0,2,3M,9,5Y,2031-09-22,7,-0.0007179203925095079,4.3732642507343655e-07
FTIIE_KNOWN_TRUTH_V1,2026-09-18,LINEAR_CONTINUOUS_ZERO,1.0,2,3M,10,7Y,2033-09-21,8,-0.00051651356469673,3.119324243350263e-07
FTIIE_KNOWN_TRUTH_V1,2026-09-18,LINEAR_CONTINUOUS_ZERO,1.0,2,3M,11,10Y,2036-09-22,9,-0.0003683768785150976,2.1743731815071499e-07
FTIIE_KNOWN_TRUTH_V1,2026-09-18,LINEAR_CONTINUOUS_ZERO,1.0,2,3M,12,15Y,2041-09-20,10,-0.0002520751957169054,1.43754730341783e-07
FTIIE_KNOWN_TRUTH_V1,2026-09-18,LINEAR_CONTINUOUS_ZERO,1.0,2,3M,13,20Y,2046-09-20,11,-0.0001923112687152173,1.0731748822934151e-07
FTIIE_KNOWN_TRUTH_V1,2026-09-18,LINEAR_CONTINUOUS_ZERO,1.0,2,3M,14,30Y,2056-09-20,12,-0.00012854425086861188,7.006409341592246e-08
FTIIE_KNOWN_TRUTH_V1,2026-09-18,LINEAR_CONTINUOUS_ZERO,1.0,3,6M,0,1M,2026-10-21,-3,-6.106226635438361e-12,1.2212453270876722e-11
FTIIE_KNOWN_TRUTH_V1,2026-09-18,LINEAR_CONTINUOUS_ZERO,1.0,3,6M,1,2M,2026-11-20,-2,9.575673587391975e-12,3.219646771412954e-11
FTIIE_KNOWN_TRUTH_V1,2026-09-18,LINEAR_CONTINUOUS_ZERO,1.0,3,6M,2,3M,2026-12-22,-1,6.453171330633722e-12,1.2906342661267445e-11
FTIIE_KNOWN_TRUTH_V1,2026-09-18,LINEAR_CONTINUOUS_ZERO,1.0,3,6M,3,6M,2027-03-22,0,1.0521727154175209,2.722543551714196e-05
FTIIE_KNOWN_TRUTH_V1,2026-09-18,LINEAR_CONTINUOUS_ZERO,1.0,3,6M,4,9M,2027-06-22,1,-0.06138789766664543,5.8981049211315195e-06
FTIIE_KNOWN_TRUTH_V1,2026-09-18,LINEAR_CONTINUOUS_ZERO,1.0,3,6M,5,1Y,2027-09-22,2,-0.007897482082325213,3.6698577510207997e-06
FTIIE_KNOWN_TRUTH_V1,2026-09-18,LINEAR_CONTINUOUS_ZERO,1.0,3,6M,6,2Y,2028-09-20,3,-0.004337586917563252,1.8413764957259104e-06
FTIIE_KNOWN_TRUTH_V1,2026-09-18,LINEAR_CONTINUOUS_ZERO,1.0,3,6M,7,3Y,2029-09-20,4,-0.00282702175370686,1.2276422933776843e-06
FTIIE_KNOWN_TRUTH_V1,2026-09-18,LINEAR_CONTINUOUS_ZERO,1.0,3,6M,8,4Y,2030-09-20,5,-0.002100155389317404,9.204353945690968e-07
FTIIE_KNOWN_TRUTH_V1,2026-09-18,LINEAR_CONTINUOUS_ZERO,1.0,3,6M,9,5Y,2031-09-22,6,-0.0016748763591312166,7.35293215203825e-07
FTIIE_KNOWN_TRUTH_V1,2026-09-18,LINEAR_CONTINUOUS_ZERO,1.0,3,6M,10,7Y,2033-09-21,7,-0.0012050388441958715,5.246210410536634e-07
FTIIE_KNOWN_TRUTH_V1,2026-09-18,LINEAR_CONTINUOUS_ZERO,1.0,3,6M,11,10Y,2036-09-22,8,-0.0008594988538945803,3.65967534055045e-07
FTIIE_KNOWN_TRUTH_V1,2026-09-18,LINEAR_CONTINUOUS_ZERO,1.0,3,6M,12,15Y,2041-09-20,9,-0.000588209826471453,2.4223859029781636e-07
FTIIE_KNOWN_TRUTH_V1,2026-09-18,LINEAR_CONTINUOUS_ZERO,1.0,3,6M,13,20Y,2046-09-20,10,-0.00044878369916123706,1.8097232046265788e-07
FTIIE_KNOWN_TRUTH_V1,2026-09-18,LINEAR_CONTINUOUS_ZERO,1.0,3,6M,14,30Y,2056-09-20,11,-0.00029999701361971276,1.1825235235463083e-07
FTIIE_KNOWN_TRUTH_V1,2026-09-18,LINEAR_CONTINUOUS_ZERO,1.0,4,9M,0,1M,2026-10-21,-4,1.2212453270876722e-11,2.4424906541753444e-11
FTIIE_KNOWN_TRUTH_V1,2026-09-18,LINEAR_CONTINUOUS_ZERO,1.0,4,9M,1,2M,2026-11-20,-3,-3.2612801348363973e-12,3.2057689836051395e-11
FTIIE_KNOWN_TRUTH_V1,2026-09-18,LINEAR_CONTINUOUS_ZERO,1.0,4,9M,2,3M,2026-12-22,-2,-4.232725281383409e-12,1.734723475976807e-11
FTIIE_KNOWN_TRUTH_V1,2026-09-18,LINEAR_CONTINUOUS_ZERO,1.0,4,9M,3,6M,2027-03-22,-1,-1.1102230246251565e-12,2.886579864025407e-11
FTIIE_KNOWN_TRUTH_V1,2026-09-18,LINEAR_CONTINUOUS_ZERO,1.0,4,9M,4,9M,2027-06-22,0,1.0599339548915399,5.550304271739748e-05
FTIIE_KNOWN_TRUTH_V1,2026-09-18,LINEAR_CONTINUOUS_ZERO,1.0,4,9M,5,1Y,2027-09-22,1,-0.03869014438100116,8.249443766983333e-06
FTIIE_KNOWN_TRUTH_V1,2026-09-18,LINEAR_CONTINUOUS_ZERO,1.0,4,9M,6,2Y,2028-09-20,2,-0.006366899840959395,4.530738562102954e-06
FTIIE_KNOWN_TRUTH_V1,2026-09-18,LINEAR_CONTINUOUS_ZERO,1.0,4,9M,7,3Y,2029-09-20,3,-0.004252961747913675,3.0173483156481495e-06
FTIIE_KNOWN_TRUTH_V1,2026-09-18,LINEAR_CONTINUOUS_ZERO,1.0,4,9M,8,4Y,2030-09-20,4,-0.0031594802141210465,2.2622126394367115e-06
FTIIE_KNOWN_TRUTH_V1,2026-09-18,LINEAR_CONTINUOUS_ZERO,1.0,4,9M,9,5Y,2031-09-22,5,-0.002519792668478904,1.8071676100017697e-06
FTIIE_KNOWN_TRUTH_V1,2026-09-18,LINEAR_CONTINUOUS_ZERO,1.0,4,9M,10,7Y,2033-09-21,6,-0.0018125884671676973,1.2894514622718845e-06
FTIIE_KNOWN_TRUTH_V1,2026-09-18,LINEAR_CONTINUOUS_ZERO,1.0,4,9M,11,10Y,2036-09-22,7,-0.0012921826732931185,8.996049738474454e-07
FTIIE_KNOWN_TRUTH_V1,2026-09-18,LINEAR_CONTINUOUS_ZERO,1.0,4,9M,12,15Y,2041-09-20,8,-0.0008836683838137072,5.955390347534006e-07
FTIIE_KNOWN_TRUTH_V1,2026-09-18,LINEAR_CONTINUOUS_ZERO,1.0,4,9M,13,20Y,2046-09-20,9,-0.000673902187664499,4.4496462070497955e-07
FTIIE_KNOWN_TRUTH_V1,2026-09-18,LINEAR_CONTINUOUS_ZERO,1.0,4,9M,14,30Y,2056-09-20,10,-0.00045026472994535993,2.907885043867964e-07
FTIIE_KNOWN_TRUTH_V1,2026-09-18,LINEAR_CONTINUOUS_ZERO,1.0,5,1Y,0,1M,2026-10-21,-5,1.8318679906315083e-11,1.2212453270876722e-11
FTIIE_KNOWN_TRUTH_V1,2026-09-18,LINEAR_CONTINUOUS_ZERO,1.0,5,1Y,1,2M,2026-11-20,-4,-3.1225022567582528e-12,1.9290125052862095e-11
FTIIE_KNOWN_TRUTH_V1,2026-09-18,LINEAR_CONTINUOUS_ZERO,1.0,5,1Y,2,3M,2026-12-22,-3,8.604228440844963e-12,2.609024107869118e-11
FTIIE_KNOWN_TRUTH_V1,2026-09-18,LINEAR_CONTINUOUS_ZERO,1.0,5,1Y,3,6M,2027-03-22,-2,3.2612801348363973e-12,6.522560269672795e-12
FTIIE_KNOWN_TRUTH_V1,2026-09-18,LINEAR_CONTINUOUS_ZERO,1.0,5,1Y,4,9M,2027-06-22,-1,2.2898349882893854e-12,-1.9845236565174673e-11
FTIIE_KNOWN_TRUTH_V1,2026-09-18,LINEAR_CONTINUOUS_ZERO,1.0,5,1Y,5,1Y,2027-09-22,0,1.045341193575966,8.413647445415506e-05
FTIIE_KNOWN_TRUTH_V1,2026-09-18,LINEAR_CONTINUOUS_ZERO,1.0,5,1Y,6,2Y,2028-09-20,1,-0.03535370907851998,6.897519916337913e-06
FTIIE_KNOWN_TRUTH_V1,2026-09-18,LINEAR_CONTINUOUS_ZERO,1.0,5,1Y,7,3Y,2029-09-20,2,-0.018898205374345833,4.8423978715739224e-06
FTIIE_KNOWN_TRUTH_V1,2026-09-18,LINEAR_CONTINUOUS_ZERO,1.0,5,1Y,8,4Y,2030-09-20,3,-0.014066938181372945,3.6259145685946237e-06
FTIIE_KNOWN_TRUTH_V1,2026-09-18,LINEAR_CONTINUOUS_ZERO,1.0,5,1Y,9,5Y,2031-09-22,4,-0.011218346162022996,2.896159145837629e-06
FTIIE_KNOWN_TRUTH_V1,2026-09-18,LINEAR_CONTINUOUS_ZERO,1.0,5,1Y,10,7Y,2033-09-21,5,-0.008070972470214377,2.067985782616688e-06
FTIIE_KNOWN_TRUTH_V1,2026-09-18,LINEAR_CONTINUOUS_ZERO,1.0,5,1Y,11,10Y,2036-09-22,6,-0.005755913091640141,1.4456381924876638e-06
FTIIE_KNOWN_TRUTH_V1,2026-09-18,LINEAR_CONTINUOUS_ZERO,1.0,5,1Y,12,15Y,2041-09-20,7,-0.003938395943814399,9.599890327116611e-07
FTIIE_KNOWN_TRUTH_V1,2026-09-18,LINEAR_CONTINUOUS_ZERO,1.0,5,1Y,13,20Y,2046-09-20,8,-0.0030045124347483076,7.187227202276603e-07
FTIIE_KNOWN_TRUTH_V1,2026-09-18,LINEAR_CONTINUOUS_ZERO,1.0,5,1Y,14,30Y,2056-09-20,9,-0.0020081713919539723,4.7074982800765497e-07
FTIIE_KNOWN_TRUTH_V1,2026-09-18,LINEAR_CONTINUOUS_ZERO,1.0,6,2Y,0,1M,2026-10-21,-6,6.106226635438361e-12,1.2212453270876722e-11
FTIIE_KNOWN_TRUTH_V1,2026-09-18,LINEAR_CONTINUOUS_ZERO,1.0,6,2Y,1,2M,2026-11-20,-5,3.2612801348363973e-12,6.522560269672795e-12
FTIIE_KNOWN_TRUTH_V1,2026-09-18,LINEAR_CONTINUOUS_ZERO,1.0,6,2Y,2,3M,2026-12-22,-4,0.0,1.7486012637846216e-11
FTIIE_KNOWN_TRUTH_V1,2026-09-18,LINEAR_CONTINUOUS_ZERO,1.0,6,2Y,3,6M,2027-03-22,-3,9.020562075079397e-12,8.604228440844963e-12
FTIIE_KNOWN_TRUTH_V1,2026-09-18,LINEAR_CONTINUOUS_ZERO,1.0,6,2Y,4,9M,2027-06-22,-2,1.0685896612017132e-11,1.8318679906315083e-11
FTIIE_KNOWN_TRUTH_V1,2026-09-18,LINEAR_CONTINUOUS_ZERO,1.0,6,2Y,5,1Y,2027-09-22,-1,6.453171330633722e-12,1.5404344466674047e-11
FTIIE_KNOWN_TRUTH_V1,2026-09-18,LINEAR_CONTINUOUS_ZERO,1.0,6,2Y,6,2Y,2028-09-20,0,1.0409849713530899,0.00012524612222342135
FTIIE_KNOWN_TRUTH_V1,2026-09-18,LINEAR_CONTINUOUS_ZERO,1.0,6,2Y,7,3Y,2029-09-20,1,-0.05570905115388769,9.050456634129844e-06
FTIIE_KNOWN_TRUTH_V1,2026-09-18,LINEAR_CONTINUOUS_ZERO,1.0,6,2Y,8,4Y,2030-09-20,2,-0.03661373215314845,7.2050430899306406e-06
FTIIE_KNOWN_TRUTH_V1,2026-09-18,LINEAR_CONTINUOUS_ZERO,1.0,6,2Y,9,5Y,2031-09-22,3,-0.029229274343331446,5.749737769233931e-06
FTIIE_KNOWN_TRUTH_V1,2026-09-18,LINEAR_CONTINUOUS_ZERO,1.0,6,2Y,10,7Y,2033-09-21,4,-0.021028279337531597,4.11430528535206e-06
FTIIE_KNOWN_TRUTH_V1,2026-09-18,LINEAR_CONTINUOUS_ZERO,1.0,6,2Y,11,10Y,2036-09-22,5,-0.014996144942144851,2.8925849215877264e-06
FTIIE_KNOWN_TRUTH_V1,2026-09-18,LINEAR_CONTINUOUS_ZERO,1.0,6,2Y,12,15Y,2041-09-20,6,-0.010260451595647813,1.9378117166457542e-06
FTIIE_KNOWN_TRUTH_V1,2026-09-18,LINEAR_CONTINUOUS_ZERO,1.0,6,2Y,13,20Y,2046-09-20,7,-0.007827262219969877,1.4590427477312318e-06
FTIIE_KNOWN_TRUTH_V1,2026-09-18,LINEAR_CONTINUOUS_ZERO,1.0,6,2Y,14,30Y,2056-09-20,8,-0.005231482493109341,9.616558938052577e-07
FTIIE_KNOWN_TRUTH_V1,2026-09-18,LINEAR_CONTINUOUS_ZERO,1.0,7,3Y,0,1M,2026-10-21,-7,2.4424906541753444e-11,0.0
FTIIE_KNOWN_TRUTH_V1,2026-09-18,LINEAR_CONTINUOUS_ZERO,1.0,7,3Y,1,2M,2026-11-20,-6,2.9004576518332215e-11,6.38378239159465e-12
FTIIE_KNOWN_TRUTH_V1,2026-09-18,LINEAR_CONTINUOUS_ZERO,1.0,7,3Y,2,3M,2026-12-22,-5,6.453171330633722e-12,-1.2906342661267445e-11
FTIIE_KNOWN_TRUTH_V1,2026-09-18,LINEAR_CONTINUOUS_ZERO,1.0,7,3Y,3,6M,2027-03-22,-4,-4.579669976578771e-12,-2.7755575615628914e-13
FTIIE_KNOWN_TRUTH_V1,2026-09-18,LINEAR_CONTINUOUS_ZERO,1.0,7,3Y,4,9M,2027-06-22,-3,-7.632783294297951e-12,-1.2212453270876722e-11
FTIIE_KNOWN_TRUTH_V1,2026-09-18,LINEAR_CONTINUOUS_ZERO,1.0,7,3Y,5,1Y,2027-09-22,-2,-7.008282842946301e-12,-6.800116025829084e-12
FTIIE_KNOWN_TRUTH_V1,2026-09-18,LINEAR_CONTINUOUS_ZERO,1.0,7,3Y,6,2Y,2028-09-20,-1,-2.5673907444456745e-12,-6.2450045135165055e-12
FTIIE_KNOWN_TRUTH_V1,2026-09-18,LINEAR_CONTINUOUS_ZERO,1.0,7,3Y,7,3Y,2029-09-20,0,1.0750124211727359,0.0002483270179765018
FTIIE_KNOWN_TRUTH_V1,2026-09-18,LINEAR_CONTINUOUS_ZERO,1.0,7,3Y,8,4Y,2030-09-20,1,-0.06372292359953236,1.2665912901832499e-05
FTIIE_KNOWN_TRUTH_V1,2026-09-18,LINEAR_CONTINUOUS_ZERO,1.0,7,3Y,9,5Y,2031-09-22,2,-0.04550571054265373,1.1106613406752786e-05
FTIIE_KNOWN_TRUTH_V1,2026-09-18,LINEAR_CONTINUOUS_ZERO,1.0,7,3Y,10,7Y,2033-09-21,3,-0.032794349850220894,7.93323337577867e-06
FTIIE_KNOWN_TRUTH_V1,2026-09-18,LINEAR_CONTINUOUS_ZERO,1.0,7,3Y,11,10Y,2036-09-22,4,-0.023385823338523126,5.570635341900498e-06
FTIIE_KNOWN_TRUTH_V1,2026-09-18,LINEAR_CONTINUOUS_ZERO,1.0,7,3Y,12,15Y,2041-09-20,5,-0.015999694058452252,3.7250029449875655e-06
FTIIE_KNOWN_TRUTH_V1,2026-09-18,LINEAR_CONTINUOUS_ZERO,1.0,7,3Y,13,20Y,2046-09-20,6,-0.012205006184110023,2.801431725485415e-06
FTIIE_KNOWN_TRUTH_V1,2026-09-18,LINEAR_CONTINUOUS_ZERO,1.0,7,3Y,14,30Y,2056-09-20,7,-0.008157081803628063,1.8441534410662541e-06
FTIIE_KNOWN_TRUTH_V1,2026-09-18,LINEAR_CONTINUOUS_ZERO,1.0,8,4Y,0,1M,2026-10-21,-8,-1.2212453270876722e-11,4.884981308350689e-11
FTIIE_KNOWN_TRUTH_V1,2026-09-18,LINEAR_CONTINUOUS_ZERO,1.0,8,4Y,1,2M,2026-11-20,-7,-6.453171330633722e-12,3.8441472227646045e-11
FTIIE_KNOWN_TRUTH_V1,2026-09-18,LINEAR_CONTINUOUS_ZERO,1.0,8,4Y,2,3M,2026-12-22,-6,4.232725281383409e-12,1.734723475976807e-11
FTIIE_KNOWN_TRUTH_V1,2026-09-18,LINEAR_CONTINUOUS_ZERO,1.0,8,4Y,3,6M,2027-03-22,-5,-1.1796119636642288e-12,-7.077671781985373e-12
FTIIE_KNOWN_TRUTH_V1,2026-09-18,LINEAR_CONTINUOUS_ZERO,1.0,8,4Y,4,9M,2027-06-22,-4,-2.2898349882893854e-12,-1.3739009929736312e-11
FTIIE_KNOWN_TRUTH_V1,2026-09-18,LINEAR_CONTINUOUS_ZERO,1.0,8,4Y,5,1Y,2027-09-22,-3,-1.1796119636642288e-12,-2.3175905639050143e-11
FTIIE_KNOWN_TRUTH_V1,2026-09-18,LINEAR_CONTINUOUS_ZERO,1.0,8,4Y,6,2Y,2028-09-20,-2,3.1225022567582528e-12,-8.743006318923108e-12
FTIIE_KNOWN_TRUTH_V1,2026-09-18,LINEAR_CONTINUOUS_ZERO,1.0,8,4Y,7,3Y,2029-09-20,-1,-1.3183898417423734e-12,-1.429412144204889e-11
FTIIE_KNOWN_TRUTH_V1,2026-09-18,LINEAR_CONTINUOUS_ZERO,1.0,8,4Y,8,4Y,2030-09-20,0,1.1124117407139422,0.0003930682077046832
FTIIE_KNOWN_TRUTH_V1,2026-09-18,LINEAR_CONTINUOUS_ZERO,1.0,8,4Y,9,5Y,2031-09-22,1,-0.07639567222307575,1.4837152201296888e-05
FTIIE_KNOWN_TRUTH_V1,2026-09-18,LINEAR_CONTINUOUS_ZERO,1.0,8,4Y,10,7Y,2033-09-21,2,-0.04472531645233202,1.356810691577337e-05
FTIIE_KNOWN_TRUTH_V1,2026-09-18,LINEAR_CONTINUOUS_ZERO,1.0,8,4Y,11,10Y,2036-09-22,3,-0.03192570981885856,9.514609100591542e-06
FTIIE_KNOWN_TRUTH_V1,2026-09-18,LINEAR_CONTINUOUS_ZERO,1.0,8,4Y,12,15Y,2041-09-20,4,-0.02184255325138329,6.358598647615565e-06
FTIIE_KNOWN_TRUTH_V1,2026-09-18,LINEAR_CONTINUOUS_ZERO,1.0,8,4Y,13,20Y,2046-09-20,5,-0.016662252937463262,4.780319057262616e-06
FTIIE_KNOWN_TRUTH_V1,2026-09-18,LINEAR_CONTINUOUS_ZERO,1.0,8,4Y,14,30Y,2056-09-20,6,-0.011136141965586988,3.1456186266876074e-06
FTIIE_KNOWN_TRUTH_V1,2026-09-18,LINEAR_CONTINUOUS_ZERO,1.0,9,5Y,0,1M,2026-10-21,-9,-6.106226635438361e-12,1.2212453270876722e-11
FTIIE_KNOWN_TRUTH_V1,2026-09-18,LINEAR_CONTINUOUS_ZERO,1.0,9,5Y,1,2M,2026-11-20,-8,9.575673587391975e-12,6.38378239159465e-12
FTIIE_KNOWN_TRUTH_V1,2026-09-18,LINEAR_CONTINUOUS_ZERO,1.0,9,5Y,2,3M,2026-12-22,-7,-6.453171330633722e-12,-4.0245584642661925e-12
FTIIE_KNOWN_TRUTH_V1,2026-09-18,LINEAR_CONTINUOUS_ZERO,1.0,9,5Y,3,6M,2027-03-22,-6,0.0,4.163336342344337e-12
FTIIE_KNOWN_TRUTH_V1,2026-09-18,LINEAR_CONTINUOUS_ZERO,1.0,9,5Y,4,9M,2027-06-22,-5,3.0531133177191805e-12,0.0
FTIIE_KNOWN_TRUTH_V1,2026-09-18,LINEAR_CONTINUOUS_ZERO,1.0,9,5Y,5,1Y,2027-09-22,-4,5.551115123125783e-13,-1.1102230246251565e-12
FTIIE_KNOWN_TRUTH_V1,2026-09-18,LINEAR_CONTINUOUS_ZERO,1.0,9,5Y,6,2Y,2028-09-20,-3,-5.9674487573602164e-12,-4.440892098500626e-12
FTIIE_KNOWN_TRUTH_V1,2026-09-18,LINEAR_CONTINUOUS_ZERO,1.0,9,5Y,7,3Y,2029-09-20,-2,-5.620504062164855e-12,-7.632783294297951e-12
FTIIE_KNOWN_TRUTH_V1,2026-09-18,LINEAR_CONTINUOUS_ZERO,1.0,9,5Y,8,4Y,2030-09-20,-1,-2.8449465006019636e-12,-4.3021142204224816e-12
FTIIE_KNOWN_TRUTH_V1,2026-09-18,LINEAR_CONTINUOUS_ZERO,1.0,9,5Y,9,5Y,2031-09-22,0,1.1594694162402053,0.0005634734964732324
FTIIE_KNOWN_TRUTH_V1,2026-09-18,LINEAR_CONTINUOUS_ZERO,1.0,9,5Y,10,7Y,2033-09-21,1,-0.10022924222655161,1.4092857714143037e-05
FTIIE_KNOWN_TRUTH_V1,2026-09-18,LINEAR_CONTINUOUS_ZERO,1.0,9,5Y,11,10Y,2036-09-22,2,-0.06861965947763116,1.1084591022836321e-05
FTIIE_KNOWN_TRUTH_V1,2026-09-18,LINEAR_CONTINUOUS_ZERO,1.0,9,5Y,12,15Y,2041-09-20,3,-0.04696060195506779,7.490653236574829e-06
FTIIE_KNOWN_TRUTH_V1,2026-09-18,LINEAR_CONTINUOUS_ZERO,1.0,9,5Y,13,20Y,2046-09-20,4,-0.03582349170326571,5.674849062886622e-06
FTIIE_KNOWN_TRUTH_V1,2026-09-18,LINEAR_CONTINUOUS_ZERO,1.0,9,5Y,14,30Y,2056-09-20,5,-0.02394271283068239,3.7668379526678564e-06
FTIIE_KNOWN_TRUTH_V1,2026-09-18,LINEAR_CONTINUOUS_ZERO,1.0,10,7Y,0,1M,2026-10-21,-10,6.106226635438361e-12,1.2212453270876722e-11
FTIIE_KNOWN_TRUTH_V1,2026-09-18,LINEAR_CONTINUOUS_ZERO,1.0,10,7Y,1,2M,2026-11-20,-9,3.1225022567582528e-12,1.9290125052862095e-11
FTIIE_KNOWN_TRUTH_V1,2026-09-18,LINEAR_CONTINUOUS_ZERO,1.0,10,7Y,2,3M,2026-12-22,-8,2.0816681711721685e-12,2.1649348980190553e-11
FTIIE_KNOWN_TRUTH_V1,2026-09-18,LINEAR_CONTINUOUS_ZERO,1.0,10,7Y,3,6M,2027-03-22,-7,2.220446049250313e-12,8.604228440844963e-12
FTIIE_KNOWN_TRUTH_V1,2026-09-18,LINEAR_CONTINUOUS_ZERO,1.0,10,7Y,4,9M,2027-06-22,-6,0.0,-3.0531133177191805e-12
FTIIE_KNOWN_TRUTH_V1,2026-09-18,LINEAR_CONTINUOUS_ZERO,1.0,10,7Y,5,1Y,2027-09-22,-5,4.093947403305265e-12,-3.469446951953614e-12
FTIIE_KNOWN_TRUTH_V1,2026-09-18,LINEAR_CONTINUOUS_ZERO,1.0,10,7Y,6,2Y,2028-09-20,-4,2.7755575615628914e-12,4.440892098500626e-12
FTIIE_KNOWN_TRUTH_V1,2026-09-18,LINEAR_CONTINUOUS_ZERO,1.0,10,7Y,7,3Y,2029-09-20,-3,4.232725281383409e-12,-3.191891195797325e-12
FTIIE_KNOWN_TRUTH_V1,2026-09-18,LINEAR_CONTINUOUS_ZERO,1.0,10,7Y,8,4Y,2030-09-20,-2,3.400058012914542e-12,-1.8041124150158794e-12
FTIIE_KNOWN_TRUTH_V1,2026-09-18,LINEAR_CONTINUOUS_ZERO,1.0,10,7Y,9,5Y,2031-09-22,-1,3.677613769070831e-12,-3.191891195797325e-12
FTIIE_KNOWN_TRUTH_V1,2026-09-18,LINEAR_CONTINUOUS_ZERO,1.0,10,7Y,10,7Y,2033-09-21,0,1.2046367479035673,0.0007889256446735882
FTIIE_KNOWN_TRUTH_V1,2026-09-18,LINEAR_CONTINUOUS_ZERO,1.0,10,7Y,11,10Y,2036-09-22,1,-0.1750095655091849,2.167904064598325e-05
FTIIE_KNOWN_TRUTH_V1,2026-09-18,LINEAR_CONTINUOUS_ZERO,1.0,10,7Y,12,15Y,2041-09-20,2,-0.1153218771757919,1.7491896958654607e-05
FTIIE_KNOWN_TRUTH_V1,2026-09-18,LINEAR_CONTINUOUS_ZERO,1.0,10,7Y,13,20Y,2046-09-20,3,-0.08797831871305839,1.3576969964956831e-05
FTIIE_KNOWN_TRUTH_V1,2026-09-18,LINEAR_CONTINUOUS_ZERO,1.0,10,7Y,14,30Y,2056-09-20,4,-0.05880010540734726,9.252861532527135e-06
FTIIE_KNOWN_TRUTH_V1,2026-09-18,LINEAR_CONTINUOUS_ZERO,1.0,11,10Y,0,1M,2026-10-21,-11,6.106226635438361e-12,-1.2212453270876722e-11
FTIIE_KNOWN_TRUTH_V1,2026-09-18,LINEAR_CONTINUOUS_ZERO,1.0,11,10Y,1,2M,2026-11-20,-10,0.0,0.0
FTIIE_KNOWN_TRUTH_V1,2026-09-18,LINEAR_CONTINUOUS_ZERO,1.0,11,10Y,2,3M,2026-12-22,-9,-6.38378239159465e-12,2.1649348980190553e-11
FTIIE_KNOWN_TRUTH_V1,2026-09-18,LINEAR_CONTINUOUS_ZERO,1.0,11,10Y,3,6M,2027-03-22,-8,-5.620504062164855e-12,-2.3592239273284576e-12
FTIIE_KNOWN_TRUTH_V1,2026-09-18,LINEAR_CONTINUOUS_ZERO,1.0,11,10Y,4,9M,2027-06-22,-7,-3.816391647148976e-12,7.632783294297951e-12
FTIIE_KNOWN_TRUTH_V1,2026-09-18,LINEAR_CONTINUOUS_ZERO,1.0,11,10Y,5,1Y,2027-09-22,-6,-9.367506770274758e-12,-4.579669976578771e-12
FTIIE_KNOWN_TRUTH_V1,2026-09-18,LINEAR_CONTINUOUS_ZERO,1.0,11,10Y,6,2Y,2028-09-20,-5,-6.591949208711867e-12,-1.8041124150158794e-12
FTIIE_KNOWN_TRUTH_V1,2026-09-18,LINEAR_CONTINUOUS_ZERO,1.0,11,10Y,7,3Y,2029-09-20,-4,-5.204170427930421e-12,3.191891195797325e-12
FTIIE_KNOWN_TRUTH_V1,2026-09-18,LINEAR_CONTINUOUS_ZERO,1.0,11,10Y,8,4Y,2030-09-20,-3,-2.914335439641036e-12,-2.7755575615628914e-12
FTIIE_KNOWN_TRUTH_V1,2026-09-18,LINEAR_CONTINUOUS_ZERO,1.0,11,10Y,9,5Y,2031-09-22,-2,-2.0122792321330962e-12,-4.0245584642661925e-12
FTIIE_KNOWN_TRUTH_V1,2026-09-18,LINEAR_CONTINUOUS_ZERO,1.0,11,10Y,10,7Y,2033-09-21,-1,-1.5265566588595902e-12,-5.551115123125783e-12
FTIIE_KNOWN_TRUTH_V1,2026-09-18,LINEAR_CONTINUOUS_ZERO,1.0,11,10Y,11,10Y,2036-09-22,0,1.321366026091203,0.0013537671425534192
FTIIE_KNOWN_TRUTH_V1,2026-09-18,LINEAR_CONTINUOUS_ZERO,1.0,11,10Y,12,15Y,2041-09-20,1,-0.3128992952652204,8.090505057567476e-05
FTIIE_KNOWN_TRUTH_V1,2026-09-18,LINEAR_CONTINUOUS_ZERO,1.0,11,10Y,13,20Y,2046-09-20,2,-0.23689099254778356,6.520724071812367e-05
FTIIE_KNOWN_TRUTH_V1,2026-09-18,LINEAR_CONTINUOUS_ZERO,1.0,11,10Y,14,30Y,2056-09-20,3,-0.15832813245214572,4.5300913575907487e-05
FTIIE_KNOWN_TRUTH_V1,2026-09-18,LINEAR_CONTINUOUS_ZERO,1.0,12,15Y,0,1M,2026-10-21,-12,-2.4424906541753444e-11,0.0
FTIIE_KNOWN_TRUTH_V1,2026-09-18,LINEAR_CONTINUOUS_ZERO,1.0,12,15Y,1,2M,2026-11-20,-11,-1.6167622796103842e-11,-1.9290125052862095e-11
FTIIE_KNOWN_TRUTH_V1,2026-09-18,LINEAR_CONTINUOUS_ZERO,1.0,12,15Y,2,3M,2026-12-22,-10,-1.2906342661267445e-11,-8.326672684688674e-12
FTIIE_KNOWN_TRUTH_V1,2026-09-18,LINEAR_CONTINUOUS_ZERO,1.0,12,15Y,3,6M,2027-03-22,-9,-1.2351231148954867e-11,-1.582067810090848e-11
FTIIE_KNOWN_TRUTH_V1,2026-09-18,LINEAR_CONTINUOUS_ZERO,1.0,12,15Y,4,9M,2027-06-22,-8,-8.396061623727746e-12,-2.2898349882893854e-11
FTIIE_KNOWN_TRUTH_V1,2026-09-18,LINEAR_CONTINUOUS_ZERO,1.0,12,15Y,5,1Y,2027-09-22,-7,-1.2281842209915794e-11,-2.2065682614424986e-11
FTIIE_KNOWN_TRUTH_V1,2026-09-18,LINEAR_CONTINUOUS_ZERO,1.0,12,15Y,6,2Y,2028-09-20,-6,-5.342948306008566e-12,-2.3175905639050143e-11
FTIIE_KNOWN_TRUTH_V1,2026-09-18,LINEAR_CONTINUOUS_ZERO,1.0,12,15Y,7,3Y,2029-09-20,-5,-4.232725281383409e-12,-1.6514567491299204e-11
FTIIE_KNOWN_TRUTH_V1,2026-09-18,LINEAR_CONTINUOUS_ZERO,1.0,12,15Y,8,4Y,2030-09-20,-4,-3.677613769070831e-12,-1.2906342661267445e-11
FTIIE_KNOWN_TRUTH_V1,2026-09-18,LINEAR_CONTINUOUS_ZERO,1.0,12,15Y,9,5Y,2031-09-22,-3,-2.1510571102112408e-12,-1.5681900222830336e-11
FTIIE_KNOWN_TRUTH_V1,2026-09-18,LINEAR_CONTINUOUS_ZERO,1.0,12,15Y,10,7Y,2033-09-21,-2,-1.1796119636642288e-12,-1.5404344466674047e-11
FTIIE_KNOWN_TRUTH_V1,2026-09-18,LINEAR_CONTINUOUS_ZERO,1.0,12,15Y,11,10Y,2036-09-22,-1,-1.0408340855860843e-12,-1.5959455978986625e-11
FTIIE_KNOWN_TRUTH_V1,2026-09-18,LINEAR_CONTINUOUS_ZERO,1.0,12,15Y,12,15Y,2041-09-20,0,1.5362552939861969,0.0027189091296453416
FTIIE_KNOWN_TRUTH_V1,2026-09-18,LINEAR_CONTINUOUS_ZERO,1.0,12,15Y,13,20Y,2046-09-20,1,-0.5039482562060882,0.0002708832685938134
FTIIE_KNOWN_TRUTH_V1,2026-09-18,LINEAR_CONTINUOUS_ZERO,1.0,12,15Y,14,30Y,2056-09-20,2,-0.33442899755563305,0.00019137453968753881
FTIIE_KNOWN_TRUTH_V1,2026-09-18,LINEAR_CONTINUOUS_ZERO,1.0,13,20Y,0,1M,2026-10-21,-13,-6.106226635438361e-12,1.2212453270876722e-11
FTIIE_KNOWN_TRUTH_V1,2026-09-18,LINEAR_CONTINUOUS_ZERO,1.0,13,20Y,1,2M,2026-11-20,-12,6.453171330633722e-12,-1.2906342661267445e-11
FTIIE_KNOWN_TRUTH_V1,2026-09-18,LINEAR_CONTINUOUS_ZERO,1.0,13,20Y,2,3M,2026-12-22,-11,1.2906342661267445e-11,1.7486012637846216e-11
FTIIE_KNOWN_TRUTH_V1,2026-09-18,LINEAR_CONTINUOUS_ZERO,1.0,13,20Y,3,6M,2027-03-22,-10,6.800116025829084e-12,4.163336342344337e-12
FTIIE_KNOWN_TRUTH_V1,2026-09-18,LINEAR_CONTINUOUS_ZERO,1.0,13,20Y,4,9M,2027-06-22,-9,3.0531133177191805e-12,0.0
FTIIE_KNOWN_TRUTH_V1,2026-09-18,LINEAR_CONTINUOUS_ZERO,1.0,13,20Y,5,1Y,2027-09-22,-8,-4.649058915617843e-12,2.3592239273284576e-12
FTIIE_KNOWN_TRUTH_V1,2026-09-18,LINEAR_CONTINUOUS_ZERO,1.0,13,20Y,6,2Y,2028-09-20,-7,-4.093947403305265e-12,3.191891195797325e-12
FTIIE_KNOWN_TRUTH_V1,2026-09-18,LINEAR_CONTINUOUS_ZERO,1.0,13,20Y,7,3Y,2029-09-20,-6,-3.816391647148976e-12,-4.163336342344337e-13
FTIIE_KNOWN_TRUTH_V1,2026-09-18,LINEAR_CONTINUOUS_ZERO,1.0,13,20Y,8,4Y,2030-09-20,-5,-1.942890293094024e-12,-3.885780586188048e-12
FTIIE_KNOWN_TRUTH_V1,2026-09-18,LINEAR_CONTINUOUS_ZERO,1.0,13,20Y,9,5Y,2031-09-22,-4,-3.191891195797325e-12,-6.106226635438361e-12
FTIIE_KNOWN_TRUTH_V1,2026-09-18,LINEAR_CONTINUOUS_ZERO,1.0,13,20Y,10,7Y,2033-09-21,-3,-2.8449465006019636e-12,-1.2628786905111156e-11
FTIIE_KNOWN_TRUTH_V1,2026-09-18,LINEAR_CONTINUOUS_ZERO,1.0,13,20Y,11,10Y,2036-09-22,-2,-2.1510571102112408e-12,-1.1518563880485999e-11
FTIIE_KNOWN_TRUTH_V1,2026-09-18,LINEAR_CONTINUOUS_ZERO,1.0,13,20Y,12,15Y,2041-09-20,-1,-2.7755575615628914e-13,-9.43689570931383e-12
FTIIE_KNOWN_TRUTH_V1,2026-09-18,LINEAR_CONTINUOUS_ZERO,1.0,13,20Y,13,20Y,2046-09-20,0,1.9179574026290114,0.006180629155694284
FTIIE_KNOWN_TRUTH_V1,2026-09-18,LINEAR_CONTINUOUS_ZERO,1.0,13,20Y,14,30Y,2056-09-20,1,-0.9781108029874308,0.0012200624435743102
FTIIE_KNOWN_TRUTH_V1,2026-09-18,LINEAR_CONTINUOUS_ZERO,1.0,14,30Y,0,1M,2026-10-21,-14,1.2212453270876722e-11,2.4424906541753444e-11
FTIIE_KNOWN_TRUTH_V1,2026-09-18,LINEAR_CONTINUOUS_ZERO,1.0,14,30Y,1,2M,2026-11-20,-13,9.71445146547012e-12,4.496403249731884e-11
FTIIE_KNOWN_TRUTH_V1,2026-09-18,LINEAR_CONTINUOUS_ZERO,1.0,14,30Y,2,3M,2026-12-22,-12,2.1510571102112408e-12,3.011479954295737e-11
FTIIE_KNOWN_TRUTH_V1,2026-09-18,LINEAR_CONTINUOUS_ZERO,1.0,14,30Y,3,6M,2027-03-22,-11,7.840950111415168e-12,1.0963452368173421e-11
FTIIE_KNOWN_TRUTH_V1,2026-09-18,LINEAR_CONTINUOUS_ZERO,1.0,14,30Y,4,9M,2027-06-22,-10,9.922618282587337e-12,1.5265566588595902e-12
FTIIE_KNOWN_TRUTH_V1,2026-09-18,LINEAR_CONTINUOUS_ZERO,1.0,14,30Y,5,1Y,2027-09-22,-9,7.008282842946301e-12,4.85722573273506e-12
FTIIE_KNOWN_TRUTH_V1,2026-09-18,LINEAR_CONTINUOUS_ZERO,1.0,14,30Y,6,2Y,2028-09-20,-8,6.2450045135165055e-12,-6.38378239159465e-12
FTIIE_KNOWN_TRUTH_V1,2026-09-18,LINEAR_CONTINUOUS_ZERO,1.0,14,30Y,7,3Y,2029-09-20,-7,2.706168622523819e-12,-9.853229343548264e-12
FTIIE_KNOWN_TRUTH_V1,2026-09-18,LINEAR_CONTINUOUS_ZERO,1.0,14,30Y,8,4Y,2030-09-20,-6,1.8735013540549517e-12,-8.465450562766819e-12
FTIIE_KNOWN_TRUTH_V1,2026-09-18,LINEAR_CONTINUOUS_ZERO,1.0,14,30Y,9,5Y,2031-09-22,-5,-3.469446951953614e-13,-1.124100812432971e-11
FTIIE_KNOWN_TRUTH_V1,2026-09-18,LINEAR_CONTINUOUS_ZERO,1.0,14,30Y,10,7Y,2033-09-21,-4,5.551115123125783e-13,-9.992007221626409e-12
FTIIE_KNOWN_TRUTH_V1,2026-09-18,LINEAR_CONTINUOUS_ZERO,1.0,14,30Y,11,10Y,2036-09-22,-3,-1.1796119636642288e-12,-1.0408340855860843e-11
FTIIE_KNOWN_TRUTH_V1,2026-09-18,LINEAR_CONTINUOUS_ZERO,1.0,14,30Y,12,15Y,2041-09-20,-2,-1.0408340855860843e-12,-4.579669976578771e-12
FTIIE_KNOWN_TRUTH_V1,2026-09-18,LINEAR_CONTINUOUS_ZERO,1.0,14,30Y,13,20Y,2046-09-20,-1,5.551115123125783e-13,-8.326672684688674e-13
FTIIE_KNOWN_TRUTH_V1,2026-09-18,LINEAR_CONTINUOUS_ZERO,1.0,14,30Y,14,30Y,2056-09-20,0,2.5973814375380986,0.01598583751621918
FTIIE_KNOWN_TRUTH_V1,2026-09-18,CUBIC_CONTINUOUS_ZERO,1.0,0,1M,0,1M,2026-10-21,0,0.9510530459918426,-7.2430102193710155e-06
FTIIE_KNOWN_TRUTH_V1,2026-09-18,CUBIC_CONTINUOUS_ZERO,1.0,0,1M,1,2M,2026-11-20,1,-0.048653210447530126,2.789153352722451e-06
FTIIE_KNOWN_TRUTH_V1,2026-09-18,CUBIC_CONTINUOUS_ZERO,1.0,0,1M,2,3M,2026-12-22,2,0.043906525637738,6.822331588551833e-07
FTIIE_KNOWN_TRUTH_V1,2026-09-18,CUBIC_CONTINUOUS_ZERO,1.0,0,1M,3,6M,2027-03-22,3,-0.01715883733377499,1.1394452048563153e-06
FTIIE_KNOWN_TRUTH_V1,2026-09-18,CUBIC_CONTINUOUS_ZERO,1.0,0,1M,4,9M,2027-06-22,4,0.003512636266578273,6.046527167846705e-07
FTIIE_KNOWN_TRUTH_V1,2026-09-18,CUBIC_CONTINUOUS_ZERO,1.0,0,1M,5,1Y,2027-09-22,5,-0.002122832453571588,5.240435863029802e-07
FTIIE_KNOWN_TRUTH_V1,2026-09-18,CUBIC_CONTINUOUS_ZERO,1.0,0,1M,6,2Y,2028-09-20,6,0.0008320736066130818,2.55750837174773e-07
FTIIE_KNOWN_TRUTH_V1,2026-09-18,CUBIC_CONTINUOUS_ZERO,1.0,0,1M,7,3Y,2029-09-20,7,-5.727363507068706e-05,1.8056681150291354e-07
FTIIE_KNOWN_TRUTH_V1,2026-09-18,CUBIC_CONTINUOUS_ZERO,1.0,0,1M,8,4Y,2030-09-20,8,0.00013709116834792479,1.3343395832698945e-07
FTIIE_KNOWN_TRUTH_V1,2026-09-18,CUBIC_CONTINUOUS_ZERO,1.0,0,1M,9,5Y,2031-09-22,9,4.382176357897727e-05,1.0751094459138244e-07
FTIIE_KNOWN_TRUTH_V1,2026-09-18,CUBIC_CONTINUOUS_ZERO,1.0,0,1M,10,7Y,2033-09-21,10,8.840635674911557e-05,7.618725095248635e-08
FTIIE_KNOWN_TRUTH_V1,2026-09-18,CUBIC_CONTINUOUS_ZERO,1.0,0,1M,11,10Y,2036-09-22,11,2.7583077419346402e-05,5.3853727033370546e-08
FTIIE_KNOWN_TRUTH_V1,2026-09-18,CUBIC_CONTINUOUS_ZERO,1.0,0,1M,12,15Y,2041-09-20,12,5.100760383514036e-05,3.556432925932995e-08
FTIIE_KNOWN_TRUTH_V1,2026-09-18,CUBIC_CONTINUOUS_ZERO,1.0,0,1M,13,20Y,2046-09-20,13,2.842975625749755e-05,2.6840613065459706e-08
FTIIE_KNOWN_TRUTH_V1,2026-09-18,CUBIC_CONTINUOUS_ZERO,1.0,0,1M,14,30Y,2056-09-20,14,3.850486880729864e-05,1.764130508341566e-08
FTIIE_KNOWN_TRUTH_V1,2026-09-18,CUBIC_CONTINUOUS_ZERO,1.0,1,2M,0,1M,2026-10-21,-1,0.051787977925280004,8.04019351097196e-08
FTIIE_KNOWN_TRUTH_V1,2026-09-18,CUBIC_CONTINUOUS_ZERO,1.0,1,2M,1,2M,2026-11-20,0,1.0073534235316428,3.6480710119413118e-06
FTIIE_KNOWN_TRUTH_V1,2026-09-18,CUBIC_CONTINUOUS_ZERO,1.0,1,2M,2,3M,2026-12-22,1,-0.18526384260329765,9.03533678431323e-06
FTIIE_KNOWN_TRUTH_V1,2026-09-18,CUBIC_CONTINUOUS_ZERO,1.0,1,2M,3,6M,2027-03-22,2,0.06069338552239234,8.456535194323322e-06
FTIIE_KNOWN_TRUTH_V1,2026-09-18,CUBIC_CONTINUOUS_ZERO,1.0,1,2M,4,9M,2027-06-22,3,-0.01783105297130383,6.3357889767967634e-06
FTIIE_KNOWN_TRUTH_V1,2026-09-18,CUBIC_CONTINUOUS_ZERO,1.0,1,2M,5,1Y,2027-09-22,4,0.005232867042806455,4.849139562113081e-06
FTIIE_KNOWN_TRUTH_V1,2026-09-18,CUBIC_CONTINUOUS_ZERO,1.0,1,2M,6,2Y,2028-09-20,5,-0.004727852460223447,2.7058802420931727e-06
FTIIE_KNOWN_TRUTH_V1,2026-09-18,CUBIC_CONTINUOUS_ZERO,1.0,1,2M,7,3Y,2029-09-20,6,-0.0007436045026953941,1.8327597772760384e-06
FTIIE_KNOWN_TRUTH_V1,2026-09-18,CUBIC_CONTINUOUS_ZERO,1.0,1,2M,8,4Y,2030-09-20,7,-0.00125479066158396,1.3808044985186285e-06
FTIIE_KNOWN_TRUTH_V1,2026-09-18,CUBIC_CONTINUOUS_ZERO,1.0,1,2M,9,5Y,2031-09-22,8,-0.0007453880272734192,1.1034920199826104e-06
FTIIE_KNOWN_TRUTH_V1,2026-09-18,CUBIC_CONTINUOUS_ZERO,1.0,1,2M,10,7Y,2033-09-21,9,-0.0007590807669932698,7.903444565471318e-07
FTIIE_KNOWN_TRUTH_V1,2026-09-18,CUBIC_CONTINUOUS_ZERO,1.0,1,2M,11,10Y,2036-09-22,10,-0.0004036160957537893,5.539542435872846e-07
FTIIE_KNOWN_TRUTH_V1,2026-09-18,CUBIC_CONTINUOUS_ZERO,1.0,1,2M,12,15Y,2041-09-20,11,-0.00040287974560626605,3.7112576900533156e-07
FTIIE_KNOWN_TRUTH_V1,2026-09-18,CUBIC_CONTINUOUS_ZERO,1.0,1,2M,13,20Y,2046-09-20,12,-0.0002667950442514222,2.7872010255336477e-07
FTIIE_KNOWN_TRUTH_V1,2026-09-18,CUBIC_CONTINUOUS_ZERO,1.0,1,2M,14,30Y,2056-09-20,13,-0.0002560837502468827,1.861212572951132e-07
FTIIE_KNOWN_TRUTH_V1,2026-09-18,CUBIC_CONTINUOUS_ZERO,1.0,2,3M,0,1M,2026-10-21,-2,-0.008660949795263884,-1.4097695233417085e-07
FTIIE_KNOWN_TRUTH_V1,2026-09-18,CUBIC_CONTINUOUS_ZERO,1.0,2,3M,1,2M,2026-11-20,-1,0.0371041770751146,5.520733870056915e-07
FTIIE_KNOWN_TRUTH_V1,2026-09-18,CUBIC_CONTINUOUS_ZERO,1.0,2,3M,2,3M,2026-12-22,0,1.1215102545209659,1.8638071780374688e-05
FTIIE_KNOWN_TRUTH_V1,2026-09-18,CUBIC_CONTINUOUS_ZERO,1.0,2,3M,3,6M,2027-03-22,1,-0.08872704460045899,1.1162672591824574e-05
FTIIE_KNOWN_TRUTH_V1,2026-09-18,CUBIC_CONTINUOUS_ZERO,1.0,2,3M,4,9M,2027-06-22,2,0.01913537931740039,9.291899333296882e-06
FTIIE_KNOWN_TRUTH_V1,2026-09-18,CUBIC_CONTINUOUS_ZERO,1.0,2,3M,5,1Y,2027-09-22,3,-0.010545161524266877,6.947648845123666e-06
FTIIE_KNOWN_TRUTH_V1,2026-09-18,CUBIC_CONTINUOUS_ZERO,1.0,2,3M,6,2Y,2028-09-20,4,0.004635426850349567,4.0485244323651415e-06
FTIIE_KNOWN_TRUTH_V1,2026-09-18,CUBIC_CONTINUOUS_ZERO,1.0,2,3M,7,3Y,2029-09-20,5,-0.00011322272563951685,2.72542849399926e-06
FTIIE_KNOWN_TRUTH_V1,2026-09-18,CUBIC_CONTINUOUS_ZERO,1.0,2,3M,8,4Y,2030-09-20,6,0.0008570915767391885,2.0620849472408054e-06
FTIIE_KNOWN_TRUTH_V1,2026-09-18,CUBIC_CONTINUOUS_ZERO,1.0,2,3M,9,5Y,2031-09-22,7,0.0003409284127925405,1.6451980056064741e-06
FTIIE_KNOWN_TRUTH_V1,2026-09-18,CUBIC_CONTINUOUS_ZERO,1.0,2,3M,10,7Y,2033-09-21,8,0.0005426102493016893,1.181105629965984e-06
FTIIE_KNOWN_TRUTH_V1,2026-09-18,CUBIC_CONTINUOUS_ZERO,1.0,2,3M,11,10Y,2036-09-22,9,0.00020063633740519116,8.267611595336177e-07
FTIIE_KNOWN_TRUTH_V1,2026-09-18,CUBIC_CONTINUOUS_ZERO,1.0,2,3M,12,15Y,2041-09-20,10,0.00030482627824679476,5.557257432009521e-07
FTIIE_KNOWN_TRUTH_V1,2026-09-18,CUBIC_CONTINUOUS_ZERO,1.0,2,3M,13,20Y,2046-09-20,11,0.0001773509394897843,4.1710496168079203e-07
FTIIE_KNOWN_TRUTH_V1,2026-09-18,CUBIC_CONTINUOUS_ZERO,1.0,2,3M,14,30Y,2056-09-20,12,0.0002206315462965902,2.795148834611183e-07
FTIIE_KNOWN_TRUTH_V1,2026-09-18,CUBIC_CONTINUOUS_ZERO,1.0,3,6M,0,1M,2026-10-21,-3,0.00040136839137006053,9.027917302617539e-09
FTIIE_KNOWN_TRUTH_V1,2026-09-18,CUBIC_CONTINUOUS_ZERO,1.0,3,6M,1,2M,2026-11-20,-2,-0.001719492969953773,-3.870820330931224e-08
FTIIE_KNOWN_TRUTH_V1,2026-09-18,CUBIC_CONTINUOUS_ZERO,1.0,3,6M,2,3M,2026-12-22,-1,0.017402223897525215,4.0408135171254855e-07
FTIIE_KNOWN_TRUTH_V1,2026-09-18,CUBIC_CONTINUOUS_ZERO,1.0,3,6M,3,6M,2027-03-22,0,1.0128523299509502,2.4871995712993922e-05
FTIIE_KNOWN_TRUTH_V1,2026-09-18,CUBIC_CONTINUOUS_ZERO,1.0,3,6M,4,9M,2027-06-22,1,-0.05552395623588391,7.571769461423017e-06
FTIIE_KNOWN_TRUTH_V1,2026-09-18,CUBIC_CONTINUOUS_ZERO,1.0,3,6M,5,1Y,2027-09-22,2,0.0010349707748463777,7.063099133342021e-06
FTIIE_KNOWN_TRUTH_V1,2026-09-18,CUBIC_CONTINUOUS_ZERO,1.0,3,6M,6,2Y,2028-09-20,3,-0.016071253578497924,4.579265577842051e-06
FTIIE_KNOWN_TRUTH_V1,2026-09-18,CUBIC_CONTINUOUS_ZERO,1.0,3,6M,7,3Y,2029-09-20,4,-0.00513999202290949,3.321664471256369e-06
FTIIE_KNOWN_TRUTH_V1,2026-09-18,CUBIC_CONTINUOUS_ZERO,1.0,3,6M,8,4Y,2030-09-20,5,-0.005424764168981966,2.4864699188498207e-06
FTIIE_KNOWN_TRUTH_V1,2026-09-18,CUBIC_CONTINUOUS_ZERO,1.0,3,6M,9,5Y,2031-09-22,6,-0.0037444042492312812,1.9991357180781932e-06
FTIIE_KNOWN_TRUTH_V1,2026-09-18,CUBIC_CONTINUOUS_ZERO,1.0,3,6M,10,7Y,2033-09-21,7,-0.0032064410854237835,1.424624029855437e-06
FTIIE_KNOWN_TRUTH_V1,2026-09-18,CUBIC_CONTINUOUS_ZERO,1.0,3,6M,11,10Y,2036-09-22,8,-0.0019763864538696607,1.0061353139523277e-06
FTIIE_KNOWN_TRUTH_V1,2026-09-18,CUBIC_CONTINUOUS_ZERO,1.0,3,6M,12,15Y,2041-09-20,9,-0.0016478804046315965,6.708877897665388e-07
FTIIE_KNOWN_TRUTH_V1,2026-09-18,CUBIC_CONTINUOUS_ZERO,1.0,3,6M,13,20Y,2046-09-20,10,-0.0011666133065829642,5.06296532476469e-07
FTIIE_KNOWN_TRUTH_V1,2026-09-18,CUBIC_CONTINUOUS_ZERO,1.0,3,6M,14,30Y,2056-09-20,11,-0.0009636813510377484,3.3564109824801847e-07
FTIIE_KNOWN_TRUTH_V1,2026-09-18,CUBIC_CONTINUOUS_ZERO,1.0,4,9M,0,1M,2026-10-21,-4,-8.871908777075e-05,-4.269085085439883e-09
FTIIE_KNOWN_TRUTH_V1,2026-09-18,CUBIC_CONTINUOUS_ZERO,1.0,4,9M,1,2M,2026-11-20,-3,0.00038007956573715695,1.8122447986712586e-08
FTIIE_KNOWN_TRUTH_V1,2026-09-18,CUBIC_CONTINUOUS_ZERO,1.0,4,9M,2,3M,2026-12-22,-2,-0.0038466162849415397,-1.8232942933238405e-07
FTIIE_KNOWN_TRUTH_V1,2026-09-18,CUBIC_CONTINUOUS_ZERO,1.0,4,9M,3,6M,2027-03-22,-1,0.03176572890256635,1.8067958240663984e-06
FTIIE_KNOWN_TRUTH_V1,2026-09-18,CUBIC_CONTINUOUS_ZERO,1.0,4,9M,4,9M,2027-06-22,0,1.0210530188387024,5.242669715022075e-05
FTIIE_KNOWN_TRUTH_V1,2026-09-18,CUBIC_CONTINUOUS_ZERO,1.0,4,9M,5,1Y,2027-09-22,1,-0.04592900154316848,1.2735184434786717e-05
FTIIE_KNOWN_TRUTH_V1,2026-09-18,CUBIC_CONTINUOUS_ZERO,1.0,4,9M,6,2Y,2028-09-20,2,0.02979707921110797,2.14861053948745e-05
FTIIE_KNOWN_TRUTH_V1,2026-09-18,CUBIC_CONTINUOUS_ZERO,1.0,4,9M,7,3Y,2029-09-20,3,0.0026763469380963745,1.5361539540403868e-05
FTIIE_KNOWN_TRUTH_V1,2026-09-18,CUBIC_CONTINUOUS_ZERO,1.0,4,9M,8,4Y,2030-09-20,4,0.007018564785882253,1.1939730870658138e-05
FTIIE_KNOWN_TRUTH_V1,2026-09-18,CUBIC_CONTINUOUS_ZERO,1.0,4,9M,9,5Y,2031-09-22,5,0.003767906823354261,9.48577494330749e-06
FTIIE_KNOWN_TRUTH_V1,2026-09-18,CUBIC_CONTINUOUS_ZERO,1.0,4,9M,10,7Y,2033-09-21,6,0.004303208224407107,6.882958786258442e-06
FTIIE_KNOWN_TRUTH_V1,2026-09-18,CUBIC_CONTINUOUS_ZERO,1.0,4,9M,11,10Y,2036-09-22,7,0.0020778857790643146,4.811144954652846e-06
FTIIE_KNOWN_TRUTH_V1,2026-09-18,CUBIC_CONTINUOUS_ZERO,1.0,4,9M,12,15Y,2041-09-20,8,0.0023233485369617,3.2853782194752768e-06
FTIIE_KNOWN_TRUTH_V1,2026-09-18,CUBIC_CONTINUOUS_ZERO,1.0,4,9M,13,20Y,2046-09-20,9,0.0014797784563674865,2.466750831375819e-06
FTIIE_KNOWN_TRUTH_V1,2026-09-18,CUBIC_CONTINUOUS_ZERO,1.0,4,9M,14,30Y,2056-09-20,10,0.0015407496248287522,1.677840921754381e-06
FTIIE_KNOWN_TRUTH_V1,2026-09-18,CUBIC_CONTINUOUS_ZERO,1.0,5,1Y,0,1M,2026-10-21,-5,1.517563311126402e-05,1.1832201884942606e-09
FTIIE_KNOWN_TRUTH_V1,2026-09-18,CUBIC_CONTINUOUS_ZERO,1.0,5,1Y,1,2M,2026-11-20,-4,-6.501363038202701e-05,-5.188766083463747e-09
FTIIE_KNOWN_TRUTH_V1,2026-09-18,CUBIC_CONTINUOUS_ZERO,1.0,5,1Y,2,3M,2026-12-22,-3,0.0006579739646184191,5.336564523616971e-08
FTIIE_KNOWN_TRUTH_V1,2026-09-18,CUBIC_CONTINUOUS_ZERO,1.0,5,1Y,3,6M,2027-03-22,-2,-0.00543361241486795,-4.315034440871557e-07
FTIIE_KNOWN_TRUTH_V1,2026-09-18,CUBIC_CONTINUOUS_ZERO,1.0,5,1Y,4,9M,2027-06-22,-1,0.024275741523291372,2.2978517699723255e-06
FTIIE_KNOWN_TRUTH_V1,2026-09-18,CUBIC_CONTINUOUS_ZERO,1.0,5,1Y,5,1Y,2027-09-22,0,1.0443805641684873,8.703795836839667e-05
FTIIE_KNOWN_TRUTH_V1,2026-09-18,CUBIC_CONTINUOUS_ZERO,1.0,5,1Y,6,2Y,2028-09-20,1,-0.0632689734651748,2.1247908155164197e-05
FTIIE_KNOWN_TRUTH_V1,2026-09-18,CUBIC_CONTINUOUS_ZERO,1.0,5,1Y,7,3Y,2029-09-20,2,-0.019748299767696764,1.871519522689269e-05
FTIIE_KNOWN_TRUTH_V1,2026-09-18,CUBIC_CONTINUOUS_ZERO,1.0,5,1Y,8,4Y,2030-09-20,3,-0.021140955295956276,1.3892274275395522e-05
FTIIE_KNOWN_TRUTH_V1,2026-09-18,CUBIC_CONTINUOUS_ZERO,1.0,5,1Y,9,5Y,2031-09-22,4,-0.014515950044827197,1.1313534692414251e-05
FTIIE_KNOWN_TRUTH_V1,2026-09-18,CUBIC_CONTINUOUS_ZERO,1.0,5,1Y,10,7Y,2033-09-21,5,-0.012506717917623589,7.989436473510025e-06
FTIIE_KNOWN_TRUTH_V1,2026-09-18,CUBIC_CONTINUOUS_ZERO,1.0,5,1Y,11,10Y,2036-09-22,6,-0.007667686393666995,5.737168379260638e-06
FTIIE_KNOWN_TRUTH_V1,2026-09-18,CUBIC_CONTINUOUS_ZERO,1.0,5,1Y,12,15Y,2041-09-20,7,-0.006434888527376281,3.7976928546346045e-06
FTIIE_KNOWN_TRUTH_V1,2026-09-18,CUBIC_CONTINUOUS_ZERO,1.0,5,1Y,13,20Y,2046-09-20,8,-0.004543630153577838,2.8970510712600372e-06
FTIIE_KNOWN_TRUTH_V1,2026-09-18,CUBIC_CONTINUOUS_ZERO,1.0,5,1Y,14,30Y,2056-09-20,9,-0.0037758802588772067,1.8958706826666116e-06
FTIIE_KNOWN_TRUTH_V1,2026-09-18,CUBIC_CONTINUOUS_ZERO,1.0,6,2Y,0,1M,2026-10-21,-6,-5.777221756542161e-07,9.769962616701378e-11
FTIIE_KNOWN_TRUTH_V1,2026-09-18,CUBIC_CONTINUOUS_ZERO,1.0,6,2Y,1,2M,2026-11-20,-5,2.4747649762790758e-06,4.4381165409390633e-10
FTIIE_KNOWN_TRUTH_V1,2026-09-18,CUBIC_CONTINUOUS_ZERO,1.0,6,2Y,2,3M,2026-12-22,-4,-2.504627345800703e-05,-2.708805402207304e-09
FTIIE_KNOWN_TRUTH_V1,2026-09-18,CUBIC_CONTINUOUS_ZERO,1.0,6,2Y,3,6M,2027-03-22,-3,0.00020683416458722181,2.335701076994212e-08
FTIIE_KNOWN_TRUTH_V1,2026-09-18,CUBIC_CONTINUOUS_ZERO,1.0,6,2Y,4,9M,2027-06-22,-2,-0.0009240728295056844,-1.0359574309504183e-07
FTIIE_KNOWN_TRUTH_V1,2026-09-18,CUBIC_CONTINUOUS_ZERO,1.0,6,2Y,5,1Y,2027-09-22,-1,0.0019848559863061555,2.3434351681395071e-07
FTIIE_KNOWN_TRUTH_V1,2026-09-18,CUBIC_CONTINUOUS_ZERO,1.0,6,2Y,6,2Y,2028-09-20,0,1.0345711844233358,0.00012086694603508086
FTIIE_KNOWN_TRUTH_V1,2026-09-18,CUBIC_CONTINUOUS_ZERO,1.0,6,2Y,7,3Y,2029-09-20,1,-0.05999532097684945,1.2038546964854291e-05
FTIIE_KNOWN_TRUTH_V1,2026-09-18,CUBIC_CONTINUOUS_ZERO,1.0,6,2Y,8,4Y,2030-09-20,2,-0.03351281931539274,1.117619788382207e-05
FTIIE_KNOWN_TRUTH_V1,2026-09-18,CUBIC_CONTINUOUS_ZERO,1.0,6,2Y,9,5Y,2031-09-22,3,-0.03078359671539188,8.645125865180958e-06
FTIIE_KNOWN_TRUTH_V1,2026-09-18,CUBIC_CONTINUOUS_ZERO,1.0,6,2Y,10,7Y,2033-09-21,4,-0.018708870403796873,6.632696197828025e-06
FTIIE_KNOWN_TRUTH_V1,2026-09-18,CUBIC_CONTINUOUS_ZERO,1.0,6,2Y,11,10Y,2036-09-22,5,-0.015614618107673284,4.4994322156988176e-06
FTIIE_KNOWN_TRUTH_V1,2026-09-18,CUBIC_CONTINUOUS_ZERO,1.0,6,2Y,12,15Y,2041-09-20,6,-0.008819780108332287,3.269993997800924e-06
FTIIE_KNOWN_TRUTH_V1,2026-09-18,CUBIC_CONTINUOUS_ZERO,1.0,6,2Y,13,20Y,2046-09-20,7,-0.007416632161819092,2.414124872229806e-06
FTIIE_KNOWN_TRUTH_V1,2026-09-18,CUBIC_CONTINUOUS_ZERO,1.0,6,2Y,14,30Y,2056-09-20,8,-0.0038637552026571376,1.7518993200571487e-06
FTIIE_KNOWN_TRUTH_V1,2026-09-18,CUBIC_CONTINUOUS_ZERO,1.0,7,3Y,0,1M,2026-10-21,-7,1.5431989019987213e-07,-3.6637359812630166e-11
FTIIE_KNOWN_TRUTH_V1,2026-09-18,CUBIC_CONTINUOUS_ZERO,1.0,7,3Y,1,2M,2026-11-20,-6,-6.612523029136952e-07,-1.4765966227514582e-10
FTIIE_KNOWN_TRUTH_V1,2026-09-18,CUBIC_CONTINUOUS_ZERO,1.0,7,3Y,2,3M,2026-12-22,-5,6.692106799266462e-06,1.4767354006295363e-09
FTIIE_KNOWN_TRUTH_V1,2026-09-18,CUBIC_CONTINUOUS_ZERO,1.0,7,3Y,3,6M,2027-03-22,-4,-5.526411779588347e-05,-1.2117112868637037e-08
FTIIE_KNOWN_TRUTH_V1,2026-09-18,CUBIC_CONTINUOUS_ZERO,1.0,7,3Y,4,9M,2027-06-22,-3,0.00024690334679555725,5.4273530114556934e-08
FTIIE_KNOWN_TRUTH_V1,2026-09-18,CUBIC_CONTINUOUS_ZERO,1.0,7,3Y,5,1Y,2027-09-22,-2,-0.0005303344405988009,-1.1572590108421821e-07
FTIIE_KNOWN_TRUTH_V1,2026-09-18,CUBIC_CONTINUOUS_ZERO,1.0,7,3Y,6,2Y,2028-09-20,-1,0.008668425339961039,2.3566253115614444e-06
FTIIE_KNOWN_TRUTH_V1,2026-09-18,CUBIC_CONTINUOUS_ZERO,1.0,7,3Y,7,3Y,2029-09-20,0,1.0674954501235097,0.00024326625089332587
FTIIE_KNOWN_TRUTH_V1,2026-09-18,CUBIC_CONTINUOUS_ZERO,1.0,7,3Y,8,4Y,2030-09-20,1,-0.06791081731183368,1.7365827109649956e-05
FTIIE_KNOWN_TRUTH_V1,2026-09-18,CUBIC_CONTINUOUS_ZERO,1.0,7,3Y,9,5Y,2031-09-22,2,-0.03972914231285818,1.845742739203793e-05
FTIIE_KNOWN_TRUTH_V1,2026-09-18,CUBIC_CONTINUOUS_ZERO,1.0,7,3Y,10,7Y,2033-09-21,3,-0.041166477141932334,1.1653257386834426e-05
FTIIE_KNOWN_TRUTH_V1,2026-09-18,CUBIC_CONTINUOUS_ZERO,1.0,7,3Y,11,10Y,2036-09-22,4,-0.02155918467180995,1.022974677189481e-05
FTIIE_KNOWN_TRUTH_V1,2026-09-18,CUBIC_CONTINUOUS_ZERO,1.0,7,3Y,12,15Y,2041-09-20,5,-0.02189614585972055,5.79246331455785e-06
FTIIE_KNOWN_TRUTH_V1,2026-09-18,CUBIC_CONTINUOUS_ZERO,1.0,7,3Y,13,20Y,2046-09-20,6,-0.014405057269031851,4.904023437335425e-06
FTIIE_KNOWN_TRUTH_V1,2026-09-18,CUBIC_CONTINUOUS_ZERO,1.0,7,3Y,14,30Y,2056-09-20,7,-0.014012482004860383,2.5498114730737598e-06
FTIIE_KNOWN_TRUTH_V1,2026-09-18,CUBIC_CONTINUOUS_ZERO,1.0,8,4Y,0,1M,2026-10-21,-8,-4.0466102690928096e-08,1.2212453270876722e-11
FTIIE_KNOWN_TRUTH_V1,2026-09-18,CUBIC_CONTINUOUS_ZERO,1.0,8,4Y,1,2M,2026-11-20,-7,1.7348483760670774e-07,9.658940314238862e-11
FTIIE_KNOWN_TRUTH_V1,2026-09-18,CUBIC_CONTINUOUS_ZERO,1.0,8,4Y,2,3M,2026-12-22,-6,-1.755727160879239e-06,-6.052103262987885e-10
FTIIE_KNOWN_TRUTH_V1,2026-09-18,CUBIC_CONTINUOUS_ZERO,1.0,8,4Y,3,6M,2027-03-22,-5,1.4498976255716833e-05,4.9778237087849675e-09
FTIIE_KNOWN_TRUTH_V1,2026-09-18,CUBIC_CONTINUOUS_ZERO,1.0,8,4Y,4,9M,2027-06-22,-4,-6.477704254936878e-05,-2.2155749457297702e-08
FTIIE_KNOWN_TRUTH_V1,2026-09-18,CUBIC_CONTINUOUS_ZERO,1.0,8,4Y,5,1Y,2027-09-22,-3,0.00013913743289462044,4.76445272123982e-08
FTIIE_KNOWN_TRUTH_V1,2026-09-18,CUBIC_CONTINUOUS_ZERO,1.0,8,4Y,6,2Y,2028-09-20,-2,-0.0022742299229938645,-7.458472728316679e-07
FTIIE_KNOWN_TRUTH_V1,2026-09-18,CUBIC_CONTINUOUS_ZERO,1.0,8,4Y,7,3Y,2029-09-20,-1,0.009358507762555202,4.106283507665509e-06
FTIIE_KNOWN_TRUTH_V1,2026-09-18,CUBIC_CONTINUOUS_ZERO,1.0,8,4Y,8,4Y,2030-09-20,0,1.1057726113615496,0.00039085217506951153
FTIIE_KNOWN_TRUTH_V1,2026-09-18,CUBIC_CONTINUOUS_ZERO,1.0,8,4Y,9,5Y,2031-09-22,1,-0.0844331617365357,2.234463614136928e-05
FTIIE_KNOWN_TRUTH_V1,2026-09-18,CUBIC_CONTINUOUS_ZERO,1.0,8,4Y,10,7Y,2033-09-21,2,-0.014565478171912893,4.3624344969739326e-05
FTIIE_KNOWN_TRUTH_V1,2026-09-18,CUBIC_CONTINUOUS_ZERO,1.0,8,4Y,11,10Y,2036-09-22,3,-0.039783331048787174,2.6944854403243568e-05
FTIIE_KNOWN_TRUTH_V1,2026-09-18,CUBIC_CONTINUOUS_ZERO,1.0,8,4Y,12,15Y,2041-09-20,4,-0.0014850396995447213,3.0226469105443243e-05
FTIIE_KNOWN_TRUTH_V1,2026-09-18,CUBIC_CONTINUOUS_ZERO,1.0,8,4Y,13,20Y,2046-09-20,5,-0.009899318358097542,2.0716805215759138e-05
FTIIE_KNOWN_TRUTH_V1,2026-09-18,CUBIC_CONTINUOUS_ZERO,1.0,8,4Y,14,30Y,2056-09-20,6,0.008895531806857315,2.0405431233605498e-05
FTIIE_KNOWN_TRUTH_V1,2026-09-18,CUBIC_CONTINUOUS_ZERO,1.0,9,5Y,0,1M,2026-10-21,-9,8.733638812152833e-09,-2.42861286636753e-11
FTIIE_KNOWN_TRUTH_V1,2026-09-18,CUBIC_CONTINUOUS_ZERO,1.0,9,5Y,1,2M,2026-11-20,-8,-3.738731546576446e-08,5.800915303666443e-11
FTIIE_KNOWN_TRUTH_V1,2026-09-18,CUBIC_CONTINUOUS_ZERO,1.0,9,5Y,2,3M,2026-12-22,-7,3.784145219398738e-07,2.3592239273284576e-10
FTIIE_KNOWN_TRUTH_V1,2026-09-18,CUBIC_CONTINUOUS_ZERO,1.0,9,5Y,3,6M,2027-03-22,-6,-3.1250307203078975e-06,-1.4817314042403495e-09
FTIIE_KNOWN_TRUTH_V1,2026-09-18,CUBIC_CONTINUOUS_ZERO,1.0,9,5Y,4,9M,2027-06-22,-5,1.3961703043685603e-05,6.806222252464522e-09
FTIIE_KNOWN_TRUTH_V1,2026-09-18,CUBIC_CONTINUOUS_ZERO,1.0,9,5Y,5,1Y,2027-09-22,-4,-2.998895291816961e-05,-1.4528794833879033e-08
FTIIE_KNOWN_TRUTH_V1,2026-09-18,CUBIC_CONTINUOUS_ZERO,1.0,9,5Y,6,2Y,2028-09-20,-3,0.0004901755312758382,2.4016677535598774e-07
FTIIE_KNOWN_TRUTH_V1,2026-09-18,CUBIC_CONTINUOUS_ZERO,1.0,9,5Y,7,3Y,2029-09-20,-2,-0.002017083410160714,-9.399966915957236e-07
FTIIE_KNOWN_TRUTH_V1,2026-09-18,CUBIC_CONTINUOUS_ZERO,1.0,9,5Y,8,4Y,2030-09-20,-1,0.007860103145643227,4.790584734459813e-06
FTIIE_KNOWN_TRUTH_V1,2026-09-18,CUBIC_CONTINUOUS_ZERO,1.0,9,5Y,9,5Y,2031-09-22,0,1.1579925391198842,0.0005765065158591653
FTIIE_KNOWN_TRUTH_V1,2026-09-18,CUBIC_CONTINUOUS_ZERO,1.0,9,5Y,10,7Y,2033-09-21,1,-0.12949818200595764,3.912563564800742e-05
FTIIE_KNOWN_TRUTH_V1,2026-09-18,CUBIC_CONTINUOUS_ZERO,1.0,9,5Y,11,10Y,2036-09-22,2,-0.034203630252388484,7.553116021519202e-05
FTIIE_KNOWN_TRUTH_V1,2026-09-18,CUBIC_CONTINUOUS_ZERO,1.0,9,5Y,12,15Y,2041-09-20,3,-0.07542836507876127,4.276897530575141e-05
FTIIE_KNOWN_TRUTH_V1,2026-09-18,CUBIC_CONTINUOUS_ZERO,1.0,9,5Y,13,20Y,2046-09-20,4,-0.04029588502395265,4.2581628084681356e-05
FTIIE_KNOWN_TRUTH_V1,2026-09-18,CUBIC_CONTINUOUS_ZERO,1.0,9,5Y,14,30Y,2056-09-20,5,-0.058564557066098644,2.0432102398881824e-05
FTIIE_KNOWN_TRUTH_V1,2026-09-18,CUBIC_CONTINUOUS_ZERO,1.0,10,7Y,0,1M,2026-10-21,-10,-8.721495747820995e-10,-6.092348847630547e-11
FTIIE_KNOWN_TRUTH_V1,2026-09-18,CUBIC_CONTINUOUS_ZERO,1.0,10,7Y,1,2M,2026-11-20,-9,3.665054371104759e-09,3.8719027983802334e-11
FTIIE_KNOWN_TRUTH_V1,2026-09-18,CUBIC_CONTINUOUS_ZERO,1.0,10,7Y,2,3M,2026-12-22,-8,-3.724583141906379e-08,-5.592748486549226e-11
FTIIE_KNOWN_TRUTH_V1,2026-09-18,CUBIC_CONTINUOUS_ZERO,1.0,10,7Y,3,6M,2027-03-22,-7,3.0744934376158994e-07,2.223221606811876e-10
FTIIE_KNOWN_TRUTH_V1,2026-09-18,CUBIC_CONTINUOUS_ZERO,1.0,10,7Y,4,9M,2027-06-22,-6,-1.3735990123109332e-06,-8.992806499463768e-10
FTIIE_KNOWN_TRUTH_V1,2026-09-18,CUBIC_CONTINUOUS_ZERO,1.0,10,7Y,5,1Y,2027-09-22,-5,2.9504196308316466e-06,1.93123295133546e-09
FTIIE_KNOWN_TRUTH_V1,2026-09-18,CUBIC_CONTINUOUS_ZERO,1.0,10,7Y,6,2Y,2028-09-20,-4,-4.82252546230022e-05,-3.0797864258858e-08
FTIIE_KNOWN_TRUTH_V1,2026-09-18,CUBIC_CONTINUOUS_ZERO,1.0,10,7Y,7,3Y,2029-09-20,-3,0.0001984480144795464,1.2719866826493842e-07
FTIIE_KNOWN_TRUTH_V1,2026-09-18,CUBIC_CONTINUOUS_ZERO,1.0,10,7Y,8,4Y,2030-09-20,-2,-0.0007733055254477428,-4.851333224031862e-07
FTIIE_KNOWN_TRUTH_V1,2026-09-18,CUBIC_CONTINUOUS_ZERO,1.0,10,7Y,9,5Y,2031-09-22,-1,0.004540021635301983,3.0901753378387298e-06
FTIIE_KNOWN_TRUTH_V1,2026-09-18,CUBIC_CONTINUOUS_ZERO,1.0,10,7Y,10,7Y,2033-09-21,0,1.2038791307103502,0.0007957287290194515
FTIIE_KNOWN_TRUTH_V1,2026-09-18,CUBIC_CONTINUOUS_ZERO,1.0,10,7Y,11,10Y,2036-09-22,1,-0.2123943216097296,6.184198195202661e-05
FTIIE_KNOWN_TRUTH_V1,2026-09-18,CUBIC_CONTINUOUS_ZERO,1.0,10,7Y,12,15Y,2041-09-20,2,-0.04906004768386041,0.00014774479764612103
FTIIE_KNOWN_TRUTH_V1,2026-09-18,CUBIC_CONTINUOUS_ZERO,1.0,10,7Y,13,20Y,2046-09-20,3,-0.07048171293350114,0.00010186261889533199
FTIIE_KNOWN_TRUTH_V1,2026-09-18,CUBIC_CONTINUOUS_ZERO,1.0,10,7Y,14,30Y,2056-09-20,4,0.010763176368638883,0.00012175788793866715
FTIIE_KNOWN_TRUTH_V1,2026-09-18,CUBIC_CONTINUOUS_ZERO,1.0,11,10Y,0,1M,2026-10-21,-11,1.0366707492437399e-10,-1.2212453270876722e-11
FTIIE_KNOWN_TRUTH_V1,2026-09-18,CUBIC_CONTINUOUS_ZERO,1.0,11,10Y,1,2M,2026-11-20,-10,-5.62536128789759e-10,8.368306048112117e-11
FTIIE_KNOWN_TRUTH_V1,2026-09-18,CUBIC_CONTINUOUS_ZERO,1.0,11,10Y,2,3M,2026-12-22,-9,5.5547927368948535e-09,3.427813588530171e-11
FTIIE_KNOWN_TRUTH_V1,2026-09-18,CUBIC_CONTINUOUS_ZERO,1.0,11,10Y,3,6M,2027-03-22,-8,-4.5834933071198236e-08,-2.0122792321330962e-11
FTIIE_KNOWN_TRUTH_V1,2026-09-18,CUBIC_CONTINUOUS_ZERO,1.0,11,10Y,4,9M,2027-06-22,-7,2.0471048467474162e-07,1.619537837171947e-10
FTIIE_KNOWN_TRUTH_V1,2026-09-18,CUBIC_CONTINUOUS_ZERO,1.0,11,10Y,5,1Y,2027-09-22,-6,-4.3975122154815693e-07,-4.1175396425785493e-10
FTIIE_KNOWN_TRUTH_V1,2026-09-18,CUBIC_CONTINUOUS_ZERO,1.0,11,10Y,6,2Y,2028-09-20,-5,7.187602318881048e-06,7.1262440393127235e-09
FTIIE_KNOWN_TRUTH_V1,2026-09-18,CUBIC_CONTINUOUS_ZERO,1.0,11,10Y,7,3Y,2029-09-20,-4,-2.9577202562136584e-05,-2.9309193960713742e-08
FTIIE_KNOWN_TRUTH_V1,2026-09-18,CUBIC_CONTINUOUS_ZERO,1.0,11,10Y,8,4Y,2030-09-20,-3,0.00011525540966061953,1.1402184751929667e-07
FTIIE_KNOWN_TRUTH_V1,2026-09-18,CUBIC_CONTINUOUS_ZERO,1.0,11,10Y,9,5Y,2031-09-22,-2,-0.0006766563243054691,-6.646899697315689e-07
FTIIE_KNOWN_TRUTH_V1,2026-09-18,CUBIC_CONTINUOUS_ZERO,1.0,11,10Y,10,7Y,2033-09-21,-1,0.006740607655236763,7.102834986838502e-06
FTIIE_KNOWN_TRUTH_V1,2026-09-18,CUBIC_CONTINUOUS_ZERO,1.0,11,10Y,11,10Y,2036-09-22,0,1.3212864148186287,0.001377655845236081
FTIIE_KNOWN_TRUTH_V1,2026-09-18,CUBIC_CONTINUOUS_ZERO,1.0,11,10Y,12,15Y,2041-09-20,1,-0.3767353215729241,0.0002046541833222726
FTIIE_KNOWN_TRUTH_V1,2026-09-18,CUBIC_CONTINUOUS_ZERO,1.0,11,10Y,13,20Y,2046-09-20,2,-0.22247412115983245,0.0002419327924108039
FTIIE_KNOWN_TRUTH_V1,2026-09-18,CUBIC_CONTINUOUS_ZERO,1.0,11,10Y,14,30Y,2056-09-20,3,-0.2690986201078771,0.00015047228629772036
FTIIE_KNOWN_TRUTH_V1,2026-09-18,CUBIC_CONTINUOUS_ZERO,1.0,12,15Y,0,1M,2026-10-21,-12,-6.099287741534454e-11,-2.42861286636753e-11
FTIIE_KNOWN_TRUTH_V1,2026-09-18,CUBIC_CONTINUOUS_ZERO,1.0,12,15Y,1,2M,2026-11-20,-11,6.425415755018093e-11,6.439293542825908e-11
FTIIE_KNOWN_TRUTH_V1,2026-09-18,CUBIC_CONTINUOUS_ZERO,1.0,12,15Y,2,3M,2026-12-22,-10,-8.971989817752046e-10,1.7208456881689926e-11
FTIIE_KNOWN_TRUTH_V1,2026-09-18,CUBIC_CONTINUOUS_ZERO,1.0,12,15Y,3,6M,2027-03-22,-9,7.342945695931746e-09,2.3592239273284576e-12
FTIIE_KNOWN_TRUTH_V1,2026-09-18,CUBIC_CONTINUOUS_ZERO,1.0,12,15Y,4,9M,2027-06-22,-8,-3.277690618919138e-08,-9.145462165349727e-11
FTIIE_KNOWN_TRUTH_V1,2026-09-18,CUBIC_CONTINUOUS_ZERO,1.0,12,15Y,5,1Y,2027-09-22,-7,7.044337335671003e-08,1.4710455076283324e-10
FTIIE_KNOWN_TRUTH_V1,2026-09-18,CUBIC_CONTINUOUS_ZERO,1.0,12,15Y,6,2Y,2028-09-20,-6,-1.1512303610405894e-06,-1.7827406217918451e-09
FTIIE_KNOWN_TRUTH_V1,2026-09-18,CUBIC_CONTINUOUS_ZERO,1.0,12,15Y,7,3Y,2029-09-20,-5,4.737344128091792e-06,7.342737529114629e-09
FTIIE_KNOWN_TRUTH_V1,2026-09-18,CUBIC_CONTINUOUS_ZERO,1.0,12,15Y,8,4Y,2030-09-20,-4,-1.846034242136696e-05,-2.896238804339646e-08
FTIIE_KNOWN_TRUTH_V1,2026-09-18,CUBIC_CONTINUOUS_ZERO,1.0,12,15Y,9,5Y,2031-09-22,-3,0.00010837933883678375,1.6963597193608848e-07
FTIIE_KNOWN_TRUTH_V1,2026-09-18,CUBIC_CONTINUOUS_ZERO,1.0,12,15Y,10,7Y,2033-09-21,-2,-0.0010796360840753527,-1.6783306688861188e-06
FTIIE_KNOWN_TRUTH_V1,2026-09-18,CUBIC_CONTINUOUS_ZERO,1.0,12,15Y,11,10Y,2036-09-22,-1,0.011763256740487948,1.9425584474319635e-05
FTIIE_KNOWN_TRUTH_V1,2026-09-18,CUBIC_CONTINUOUS_ZERO,1.0,12,15Y,12,15Y,2041-09-20,0,1.5131090756789756,0.0026522645127369238
FTIIE_KNOWN_TRUTH_V1,2026-09-18,CUBIC_CONTINUOUS_ZERO,1.0,12,15Y,13,20Y,2046-09-20,1,-0.5729255177221171,0.0005464395508303355
FTIIE_KNOWN_TRUTH_V1,2026-09-18,CUBIC_CONTINUOUS_ZERO,1.0,12,15Y,14,30Y,2056-09-20,2,-0.0009805326925405033,0.001627716338659102
FTIIE_KNOWN_TRUTH_V1,2026-09-18,CUBIC_CONTINUOUS_ZERO,1.0,13,20Y,0,1M,2026-10-21,-13,-6.106226635438361e-12,-6.106226635438361e-11
FTIIE_KNOWN_TRUTH_V1,2026-09-18,CUBIC_CONTINUOUS_ZERO,1.0,13,20Y,1,2M,2026-11-20,-12,-4.184153024056059e-11,4.5102810375396984e-11
FTIIE_KNOWN_TRUTH_V1,2026-09-18,CUBIC_CONTINUOUS_ZERO,1.0,13,20Y,2,3M,2026-12-22,-11,2.1461998844785057e-10,-1.7069679003611782e-11
FTIIE_KNOWN_TRUTH_V1,2026-09-18,CUBIC_CONTINUOUS_ZERO,1.0,13,20Y,3,6M,2027-03-22,-10,-1.7524176554317705e-09,-2.0816681711721685e-12
FTIIE_KNOWN_TRUTH_V1,2026-09-18,CUBIC_CONTINUOUS_ZERO,1.0,13,20Y,4,9M,2027-06-22,-9,7.779610289304628e-09,-3.191891195797325e-11
FTIIE_KNOWN_TRUTH_V1,2026-09-18,CUBIC_CONTINUOUS_ZERO,1.0,13,20Y,5,1Y,2027-09-22,-8,-1.6706774852437434e-08,-4.08006961549745e-11
FTIIE_KNOWN_TRUTH_V1,2026-09-18,CUBIC_CONTINUOUS_ZERO,1.0,13,20Y,6,2Y,2028-09-20,-7,2.7319944917447714e-07,8.475165014232289e-10
FTIIE_KNOWN_TRUTH_V1,2026-09-18,CUBIC_CONTINUOUS_ZERO,1.0,13,20Y,7,3Y,2029-09-20,-6,-1.124194834445369e-06,-3.5473013415554533e-09
FTIIE_KNOWN_TRUTH_V1,2026-09-18,CUBIC_CONTINUOUS_ZERO,1.0,13,20Y,8,4Y,2030-09-20,-5,4.380770746159612e-06,1.3394563236346357e-08
FTIIE_KNOWN_TRUTH_V1,2026-09-18,CUBIC_CONTINUOUS_ZERO,1.0,13,20Y,9,5Y,2031-09-22,-4,-2.5719114615796457e-05,-7.929740197809565e-08
FTIIE_KNOWN_TRUTH_V1,2026-09-18,CUBIC_CONTINUOUS_ZERO,1.0,13,20Y,10,7Y,2033-09-21,-3,0.000256204696069684,7.896100440163423e-07
FTIIE_KNOWN_TRUTH_V1,2026-09-18,CUBIC_CONTINUOUS_ZERO,1.0,13,20Y,11,10Y,2036-09-22,-2,-0.0027914973092096895,-8.539958046283047e-06
FTIIE_KNOWN_TRUTH_V1,2026-09-18,CUBIC_CONTINUOUS_ZERO,1.0,13,20Y,12,15Y,2041-09-20,-1,0.03612182244393247,0.00012026960052868851
FTIIE_KNOWN_TRUTH_V1,2026-09-18,CUBIC_CONTINUOUS_ZERO,1.0,13,20Y,13,20Y,2046-09-20,0,1.9417792946481438,0.006600041496940268
FTIIE_KNOWN_TRUTH_V1,2026-09-18,CUBIC_CONTINUOUS_ZERO,1.0,13,20Y,14,30Y,2056-09-20,1,-1.4031208525758925,0.004355911100012433
FTIIE_KNOWN_TRUTH_V1,2026-09-18,CUBIC_CONTINUOUS_ZERO,1.0,14,30Y,0,1M,2026-10-21,-14,-6.106226635438361e-12,-3.6637359812630166e-11
FTIIE_KNOWN_TRUTH_V1,2026-09-18,CUBIC_CONTINUOUS_ZERO,1.0,14,30Y,1,2M,2026-11-20,-13,0.0,9.020562075079397e-11
FTIIE_KNOWN_TRUTH_V1,2026-09-18,CUBIC_CONTINUOUS_ZERO,1.0,14,30Y,2,3M,2026-12-22,-12,-2.1441182163073336e-11,5.1486592766991635e-11
FTIIE_KNOWN_TRUTH_V1,2026-09-18,CUBIC_CONTINUOUS_ZERO,1.0,14,30Y,3,6M,2027-03-22,-11,1.437044927499187e-10,5.398459457239824e-11
FTIIE_KNOWN_TRUTH_V1,2026-09-18,CUBIC_CONTINUOUS_ZERO,1.0,14,30Y,4,9M,2027-06-22,-10,-6.665501484093284e-10,-1.3877787807814457e-12
FTIIE_KNOWN_TRUTH_V1,2026-09-18,CUBIC_CONTINUOUS_ZERO,1.0,14,30Y,5,1Y,2027-09-22,-9,1.4008239013207913e-09,9.43689570931383e-11
FTIIE_KNOWN_TRUTH_V1,2026-09-18,CUBIC_CONTINUOUS_ZERO,1.0,14,30Y,6,2Y,2028-09-20,-8,-2.295254264428337e-08,-1.0172418463127997e-10
FTIIE_KNOWN_TRUTH_V1,2026-09-18,CUBIC_CONTINUOUS_ZERO,1.0,14,30Y,7,3Y,2029-09-20,-7,9.44534728208879e-08,5.889733145636455e-10
FTIIE_KNOWN_TRUTH_V1,2026-09-18,CUBIC_CONTINUOUS_ZERO,1.0,14,30Y,8,4Y,2030-09-20,-6,-3.680561411201211e-07,-2.569611190494925e-09
FTIIE_KNOWN_TRUTH_V1,2026-09-18,CUBIC_CONTINUOUS_ZERO,1.0,14,30Y,9,5Y,2031-09-22,-5,2.160860518296559e-06,1.4606371667724716e-08
FTIIE_KNOWN_TRUTH_V1,2026-09-18,CUBIC_CONTINUOUS_ZERO,1.0,14,30Y,10,7Y,2033-09-21,-4,-2.1525658755461308e-05,-1.4630296973905388e-07
FTIIE_KNOWN_TRUTH_V1,2026-09-18,CUBIC_CONTINUOUS_ZERO,1.0,14,30Y,11,10Y,2036-09-22,-3,0.0002345344658760684,1.5938467212706087e-06
FTIIE_KNOWN_TRUTH_V1,2026-09-18,CUBIC_CONTINUOUS_ZERO,1.0,14,30Y,12,15Y,2041-09-20,-2,-0.0030348615520647826,-2.0555760982254867e-05
FTIIE_KNOWN_TRUTH_V1,2026-09-18,CUBIC_CONTINUOUS_ZERO,1.0,14,30Y,13,20Y,2046-09-20,-1,0.012155346760869823,8.431505119088634e-05
FTIIE_KNOWN_TRUTH_V1,2026-09-18,CUBIC_CONTINUOUS_ZERO,1.0,14,30Y,14,30Y,2056-09-20,0,2.748422664457864,0.018694827211424014
