start_date,end_date,start_act360_years,forward_period_days,forward_rate
2026-09-18,2026-10-16,0.0,28,0.07770182983167848
2026-09-25,2026-10-23,0.019444444444444445,28,0.07743959056296403
2026-10-02,2026-10-30,0.03888888888888889,28,0.07718190844917443
2026-10-09,2026-11-06,0.058333333333333334,28,0.07692871734449801
2026-10-16,2026-11-13,0.07777777777777778,28,0.07667995204480693
2026-10-23,2026-11-20,0.09722222222222222,28,0.0764355482740082
2026-10-30,2026-11-27,0.11666666666666667,28,0.07619544267059718
2026-11-06,2026-12-04,0.1361111111111111,28,0.075959572774394
2026-11-13,2026-12-11,0.15555555555555556,28,0.07572787701349107
2026-11-20,2026-12-18,0.175,28,0.07550029469139773
2026-11-27,2026-12-25,0.19444444444444445,28,0.07527676597434457
2026-12-04,2027-01-01,0.21388888888888888,28,0.0750572318788307
2026-12-11,2027-01-08,0.23333333333333334,28,0.07484163425928772
2026-12-18,2027-01-15,0.25277777777777777,28,0.07462991579597812
2026-12-25,2027-01-22,0.2722222222222222,28,0.07442201998306189
2027-01-01,2027-01-29,0.2916666666666667,28,0.07421789111681168
2027-01-08,2027-02-05,0.3111111111111111,28,0.0740174742840335
2027-01-15,2027-02-12,0.33055555555555555,28,0.07382071535064443
2027-01-22,2027-02-19,0.35,28,0.07362756095042158
2027-01-29,2027-02-26,0.36944444444444446,28,0.0734379584739196
2027-02-05,2027-03-05,0.3888888888888889,28,0.07325185605753935
2027-02-12,2027-03-12,0.4083333333333333,28,0.07306920257277653
2027-02-19,2027-03-19,0.42777777777777776,28,0.07288994761560735
2027-02-26,2027-03-26,0.44722222222222224,28,0.07271404149605967
2027-03-05,2027-04-02,0.4666666666666667,28,0.07254143522790127
2027-03-12,2027-04-09,0.4861111111111111,28,0.07237208051850225
2027-03-19,2027-04-16,0.5055555555555555,28,0.07220592975886302
2027-03-26,2027-04-23,0.525,28,0.0720429360137336
2027-04-02,2027-04-30,0.5444444444444444,28,0.0718830530119414
2027-04-09,2027-05-07,0.5638888888888889,28,0.07172623513682735
2027-04-16,2027-05-14,0.5833333333333334,28,0.07157243741681649
2027-04-23,2027-05-21,0.6027777777777777,28,0.07142161551615368
2027-04-30,2027-05-28,0.6222222222222222,28,0.07127372572575405
2027-05-07,2027-06-04,0.6416666666666667,28,0.07112872495419285
2027-05-14,2027-06-11,0.6611111111111111,28,0.07098657071883269
2027-05-21,2027-06-18,0.6805555555555556,28,0.07084722113707333
2027-05-28,2027-06-25,0.7,28,0.07071063491774426
2027-06-04,2027-07-02,0.7194444444444444,28,0.07057677135260018
2027-06-11,2027-07-09,0.7388888888888889,28,0.07044559030795325
2027-06-18,2027-07-16,0.7583333333333333,28,0.07031705221645122
2027-06-25,2027-07-23,0.7777777777777778,28,0.07019111806892392
2027-07-02,2027-07-30,0.7972222222222223,28,0.07006774940640106
2027-07-09,2027-08-06,0.8166666666666667,28,0.06994690831221284
2027-07-16,2027-08-13,0.8361111111111111,28,0.06982855740422757
2027-07-23,2027-08-20,0.8555555555555555,28,0.06971265982718926
2027-07-30,2027-08-27,0.875,28,0.06959917924516651
2027-08-06,2027-09-03,0.8944444444444445,28,0.06948807983412701
2027-08-13,2027-09-10,0.9138888888888889,28,0.06937932627460341
2027-08-20,2027-09-17,0.9333333333333333,28,0.06927288374447908
2027-08-27,2027-09-24,0.9527777777777777,28,0.06916871791186813
2027-09-03,2027-10-01,0.9722222222222222,28,0.06906679492812096
2027-09-10,2027-10-08,0.9916666666666667,28,0.06896708142088981
2027-09-17,2027-10-15,1.011111111111111,28,0.06886954448734851
2027-09-24,2027-10-22,1.0305555555555554,28,0.06877415168747497
2027-10-01,2027-10-29,1.05,28,0.06868087103743648
2027-10-08,2027-11-05,1.0694444444444444,28,0.06858967100308343
2027-10-15,2027-11-12,1.0888888888888888,28,0.06850052049353453
2027-10-22,2027-11-19,1.1083333333333334,28,0.06841338885484755
2027-10-29,2027-11-26,1.1277777777777778,28,0.06832824586378715
2027-11-05,2027-12-03,1.1472222222222221,28,0.06824506172168691
2027-11-12,2027-12-10,1.1666666666666667,28,0.06816380704839713
2027-11-19,2027-12-17,1.1861111111111111,28,0.0680844528763266
2027-11-26,2027-12-24,1.2055555555555555,28,0.06800697064455312
2027-12-03,2027-12-31,1.225,28,0.06793133219304812
2027-12-10,2028-01-07,1.2444444444444445,28,0.06785750975696114
2027-12-17,2028-01-14,1.2638888888888888,28,0.06778547596099875
2027-12-24,2028-01-21,1.2833333333333334,28,0.06771520381388887
2027-12-31,2028-01-28,1.3027777777777778,28,0.0676466667029052
2028-01-07,2028-02-04,1.3222222222222222,28,0.06757983838851146
2028-01-14,2028-02-11,1.3416666666666666,28,0.06751469299902572
2028-01-21,2028-02-18,1.3611111111111112,28,0.06745120502542738
2028-01-28,2028-02-25,1.3805555555555555,28,0.06738934931618701
2028-02-04,2028-03-03,1.4,28,0.06732910107218754
2028-02-11,2028-03-10,1.4194444444444445,28,0.06727043584175117
2028-02-18,2028-03-17,1.4388888888888889,28,0.06721332951567469
2028-02-25,2028-03-24,1.4583333333333333,28,0.06715775832240478
2028-03-03,2028-03-31,1.4777777777777779,28,0.06710369882322192
2028-03-10,2028-04-07,1.4972222222222222,28,0.06705112790755267
2028-03-17,2028-04-14,1.5166666666666666,28,0.06700002278830196
2028-03-24,2028-04-21,1.5361111111111112,28,0.06695036099727389
2028-03-31,2028-04-28,1.5555555555555556,28,0.06690212038066681
2028-04-07,2028-05-05,1.575,28,0.06685527909461689
2028-04-14,2028-05-12,1.5944444444444446,28,0.06680981560081582
2028-04-21,2028-05-19,1.613888888888889,28,0.06676570866218867
2028-04-28,2028-05-26,1.6333333333333333,28,0.06672293733864004
2028-05-05,2028-06-02,1.6527777777777777,28,0.06668148098284897
2028-05-12,2028-06-09,1.6722222222222223,28,0.06664131923614068
2028-05-19,2028-06-16,1.6916666666666667,28,0.0666024320244128
2028-05-26,2028-06-23,1.711111111111111,28,0.06656479955410712
2028-06-02,2028-06-30,1.7305555555555556,28,0.06652840230826129
2028-06-09,2028-07-07,1.75,28,0.066493221042612
2028-06-16,2028-07-14,1.7694444444444444,28,0.06645923678172659
2028-06-23,2028-07-21,1.788888888888889,28,0.06642643081524607
2028-06-30,2028-07-28,1.8083333333333333,28,0.06639478469411676
2028-07-07,2028-08-04,1.8277777777777777,28,0.06636428022694453
2028-07-14,2028-08-11,1.8472222222222223,28,0.06633489947633496
2028-07-21,2028-08-18,1.8666666666666667,28,0.06630662475534756
2028-07-28,2028-08-25,1.886111111111111,28,0.0662794386239472
2028-08-04,2028-09-01,1.9055555555555554,28,0.06625332388554973
2028-08-11,2028-09-08,1.925,28,0.06622826358358758
2028-08-18,2028-09-15,1.9444444444444444,28,0.06620424099814956
2028-08-25,2028-09-22,1.9638888888888888,28,0.06618123964264072
2028-09-01,2028-09-29,1.9833333333333334,28,0.06615924326052212
2028-09-08,2028-10-06,2.0027777777777778,28,0.06613823582207047
2028-09-15,2028-10-13,2.022222222222222,28,0.06611820152120362
2028-09-22,2028-10-20,2.0416666666666665,28,0.06609912477233447
2028-09-29,2028-10-27,2.061111111111111,28,0.06608099020729341
2028-10-06,2028-11-03,2.0805555555555557,28,0.06606378267226796
2028-10-13,2028-11-10,2.1,28,0.06604748722480513
2028-10-20,2028-11-17,2.1194444444444445,28,0.06603208913085666
2028-10-27,2028-11-24,2.138888888888889,28,0.06601757386185275
2028-11-03,2028-12-01,2.158333333333333,28,0.06600392709183872
2028-11-10,2028-12-08,2.1777777777777776,28,0.06599113469462292
2028-11-17,2028-12-15,2.1972222222222224,28,0.06597918274100469
2028-11-24,2028-12-22,2.216666666666667,28,0.06596805749600801
2028-12-01,2028-12-29,2.236111111111111,28,0.0659577454161751
2028-12-08,2029-01-05,2.2555555555555555,28,0.06594823314688858
2028-12-15,2029-01-12,2.275,28,0.06593950751973063
2028-12-22,2029-01-19,2.2944444444444443,28,0.0659315555499023
2028-12-29,2029-01-26,2.313888888888889,28,0.06592436443363697
2029-01-05,2029-02-02,2.3333333333333335,28,0.0659179215457081
2029-01-12,2029-02-09,2.352777777777778,28,0.06591221443690826
2029-01-19,2029-02-16,2.3722222222222222,28,0.06590723083162267
2029-01-26,2029-02-23,2.3916666666666666,28,0.06590295862540245
2029-02-02,2029-03-02,2.411111111111111,28,0.06589938588257516
2029-02-09,2029-03-09,2.4305555555555554,28,0.06589650083392089
2029-02-16,2029-03-16,2.45,28,0.06589429187431994
2029-02-23,2029-03-23,2.4694444444444446,28,0.06589274756051168
2029-03-02,2029-03-30,2.488888888888889,28,0.0658918566088164
2029-03-09,2029-04-06,2.5083333333333333,28,0.06589160789293137
2029-03-16,2029-04-13,2.5277777777777777,28,0.06589199044175542
2029-03-23,2029-04-20,2.547222222222222,28,0.06589299343721068
2029-03-30,2029-04-27,2.566666666666667,28,0.06589460621214142
2029-04-06,2029-05-04,2.5861111111111112,28,0.06589681824821574
2029-04-13,2029-05-11,2.6055555555555556,28,0.06589961917385288
2029-04-20,2029-05-18,2.625,28,0.06590299876221918
2029-04-27,2029-05-25,2.6444444444444444,28,0.06590694692917826
2029-05-04,2029-06-01,2.6638888888888888,28,0.06591145373136113
2029-05-11,2029-06-08,2.683333333333333,28,0.06591650936419637
2029-05-18,2029-06-15,2.702777777777778,28,0.06592210415998588
2029-05-25,2029-06-22,2.7222222222222223,28,0.06592822858603503
2029-06-01,2029-06-29,2.7416666666666667,28,0.06593487324275987
2029-06-08,2029-07-06,2.761111111111111,28,0.06594202886187711
2029-06-15,2029-07-13,2.7805555555555554,28,0.06594968630457133
2029-06-22,2029-07-20,2.8,28,0.06595783655971069
2029-06-29,2029-07-27,2.8194444444444446,28,0.06596647074209688
2029-07-06,2029-08-03,2.838888888888889,28,0.06597558009072088
2029-07-13,2029-08-10,2.8583333333333334,28,0.06598515596705846
2029-07-20,2029-08-17,2.8777777777777778,28,0.06599518985337172
2029-07-27,2029-08-24,2.897222222222222,28,0.06600567335105881
2029-08-03,2029-08-31,2.9166666666666665,28,0.06601659817900396
2029-08-10,2029-09-07,2.936111111111111,28,0.06602795617197296
2029-08-17,2029-09-14,2.9555555555555557,28,0.06603973927901446
2029-08-24,2029-09-21,2.975,28,0.0660519395618813
2029-08-31,2029-09-28,2.9944444444444445,28,0.06606454919350016
2029-09-07,2029-10-05,3.013888888888889,28,0.0660775604564301
2029-09-14,2029-10-12,3.033333333333333,28,0.06609096574136647
2029-09-21,2029-10-19,3.0527777777777776,28,0.06610475754565368
2029-09-28,2029-10-26,3.0722222222222224,28,0.06611892847182618
2029-10-05,2029-11-02,3.091666666666667,28,0.06613347122616409
2029-10-12,2029-11-09,3.111111111111111,28,0.0661483786172799
2029-10-19,2029-11-16,3.1305555555555555,28,0.06616364355469972
2029-10-26,2029-11-23,3.15,28,0.06617925904750425
2029-11-02,2029-11-30,3.1694444444444443,28,0.06619521820295571
2029-11-09,2029-12-07,3.188888888888889,28,0.06621151422514737
2029-11-16,2029-12-14,3.2083333333333335,28,0.06622814041370471
2029-11-23,2029-12-21,3.227777777777778,28,0.06624509016245497
2029-11-30,2029-12-28,3.2472222222222222,28,0.06626235695815394
2029-12-07,2030-01-04,3.2666666666666666,28,0.06627993437922118
2029-12-14,2030-01-11,3.286111111111111,28,0.06629781609447827
2029-12-21,2030-01-18,3.3055555555555554,28,0.066315995861924
2029-12-28,2030-01-25,3.325,28,0.06633446752752109
2030-01-04,2030-02-01,3.3444444444444446,28,0.06635322502399715
2030-01-11,2030-02-08,3.363888888888889,28,0.06637226236965134
2030-01-18,2030-02-15,3.3833333333333333,28,0.06639157366720669
2030-01-25,2030-02-22,3.4027777777777777,28,0.06641115310265677
2030-02-01,2030-03-01,3.422222222222222,28,0.06643099494412663
2030-02-08,2030-03-08,3.441666666666667,28,0.06645109354077075
2030-02-15,2030-03-15,3.4611111111111112,28,0.06647144332165686
2030-02-22,2030-03-22,3.4805555555555556,28,0.06649203879468958
2030-03-01,2030-03-29,3.5,28,0.0665128745455428
2030-03-08,2030-04-05,3.5194444444444444,28,0.06653394523660047
2030-03-15,2030-04-12,3.5388888888888888,28,0.06655524560591454
2030-03-22,2030-04-19,3.558333333333333,28,0.06657677046619158
2030-03-29,2030-04-26,3.577777777777778,28,0.06659851470376209
2030-04-05,2030-05-03,3.5972222222222223,28,0.06662047327760418
2030-04-12,2030-05-10,3.6166666666666667,28,0.06664264121834723
2030-04-19,2030-05-17,3.636111111111111,28,0.0666650136273098
2030-04-26,2030-05-24,3.6555555555555554,28,0.06668758567554317
2030-05-03,2030-05-31,3.675,28,0.0667103526028837
2030-05-10,2030-06-07,3.6944444444444446,28,0.06673330971703052
2030-05-17,2030-06-14,3.713888888888889,28,0.06675645239262355
2030-05-24,2030-06-21,3.7333333333333334,28,0.06677977607035272
2030-05-31,2030-06-28,3.7527777777777778,28,0.06680327625604443
2030-06-07,2030-07-05,3.772222222222222,28,0.06682694851981077
2030-06-14,2030-07-12,3.7916666666666665,28,0.0668507884951646
2030-06-21,2030-07-19,3.811111111111111,28,0.06687479187816298
2030-06-28,2030-07-26,3.8305555555555557,28,0.06689895442659363
2030-07-05,2030-08-02,3.85,28,0.06692327195910412
2030-07-12,2030-08-09,3.8694444444444445,28,0.06694774035441402
2030-07-19,2030-08-16,3.888888888888889,28,0.06697235555049831
2030-07-26,2030-08-23,3.908333333333333,28,0.06699711354378524
2030-08-02,2030-08-30,3.9277777777777776,28,0.06702201038837975
2030-08-09,2030-09-06,3.9472222222222224,28,0.06704704219527846
2030-08-16,2030-09-13,3.966666666666667,28,0.06707220513162161
2030-08-23,2030-09-20,3.986111111111111,28,0.06709749541993373
2030-08-30,2030-09-27,4.0055555555555555,28,0.06712290933737279
2030-09-06,2030-10-04,4.025,28,0.06714844321501078
2030-09-13,2030-10-11,4.044444444444444,28,0.06717409343710282
2030-09-20,2030-10-18,4.063888888888889,28,0.0671998564403764
2030-09-27,2030-10-25,4.083333333333333,28,0.06722572871333471
2030-10-04,2030-11-01,4.102777777777778,28,0.06725170679556294
2030-10-11,2030-11-08,4.122222222222222,28,0.06727778727704312
2030-10-18,2030-11-15,4.141666666666667,28,0.06730396679747175
2030-10-25,2030-11-22,4.161111111111111,28,0.06733024204562042
2030-11-01,2030-11-29,4.180555555555555,28,0.06735660975865056
2030-11-08,2030-12-06,4.2,28,0.06738306672148539
2030-11-15,2030-12-13,4.219444444444444,28,0.06740960976618471
2030-11-22,2030-12-20,4.238888888888889,28,0.06743623577127687
2030-11-29,2030-12-27,4.258333333333334,28,0.06746294166118494
2030-12-06,2031-01-03,4.277777777777778,28,0.0674897244055872
2030-12-13,2031-01-10,4.2972222222222225,28,0.06751658101881766
2030-12-20,2031-01-17,4.316666666666666,28,0.06754350855928079
2030-12-27,2031-01-24,4.336111111111111,28,0.06757050412886338
2031-01-03,2031-01-31,4.355555555555555,28,0.06759756487234084
2031-01-10,2031-02-07,4.375,28,0.06762468797683178
2031-01-17,2031-02-14,4.394444444444445,28,0.06765187067122433
2031-01-24,2031-02-21,4.413888888888889,28,0.06767911022560215
2031-01-31,2031-02-28,4.433333333333334,28,0.067706403950745
2031-02-07,2031-03-07,4.4527777777777775,28,0.06773374919752621
2031-02-14,2031-03-14,4.472222222222222,28,0.06776114335644179
2031-02-21,2031-03-21,4.491666666666666,28,0.06778858385703927
2031-02-28,2031-03-28,4.511111111111111,28,0.06781606816741542
2031-03-07,2031-04-04,4.530555555555556,28,0.06784359379373367
2031-03-14,2031-04-11,4.55,28,0.06787115827965888
2031-03-21,2031-04-18,4.569444444444445,28,0.0678987592059234
2031-03-28,2031-04-25,4.588888888888889,28,0.06792639418979324
2031-04-04,2031-05-02,4.608333333333333,28,0.06795406088460837
2031-04-11,2031-05-09,4.627777777777778,28,0.06798175697929176
2031-04-18,2031-05-16,4.647222222222222,28,0.06800948019788683
2031-04-25,2031-05-23,4.666666666666667,28,0.06803722829909788
2031-05-02,2031-05-30,4.686111111111111,28,0.06806499907581896
2031-05-09,2031-06-06,4.705555555555556,28,0.06809279035468574
2031-05-16,2031-06-13,4.725,28,0.06812059999565007
2031-05-23,2031-06-20,4.7444444444444445,28,0.06814842589150327
2031-05-30,2031-06-27,4.763888888888889,28,0.06817626596747355
2031-06-06,2031-07-04,4.783333333333333,28,0.06820411818078924
2031-06-13,2031-07-11,4.802777777777778,28,0.06823198052025342
2031-06-20,2031-07-18,4.822222222222222,28,0.06825985100582997
2031-06-27,2031-07-25,4.841666666666667,28,0.06828772768822956
2031-07-04,2031-08-01,4.861111111111111,28,0.06831560864851863
2031-07-11,2031-08-08,4.8805555555555555,28,0.0683434919977025
2031-07-18,2031-08-15,4.9,28,0.06837137587633713
2031-07-25,2031-08-22,4.919444444444444,28,0.06839925845414088
2031-08-01,2031-08-29,4.938888888888889,28,0.06842713792962053
2031-08-08,2031-09-05,4.958333333333333,28,0.0684550125296744
2031-08-15,2031-09-12,4.977777777777778,28,0.06848288050922983
2031-08-22,2031-09-19,4.997222222222222,28,0.06851074015087491
2031-08-29,2031-09-26,5.016666666666667,28,0.06853858976449015
2031-09-05,2031-10-03,5.036111111111111,28,0.0685664276869031
2031-09-12,2031-10-10,5.055555555555555,28,0.06859425228151432
2031-09-19,2031-10-17,5.075,28,0.06862206193796055
2031-09-26,2031-10-24,5.094444444444444,28,0.06864985507176925
2031-10-03,2031-10-31,5.113888888888889,28,0.06867763012402454
2031-10-10,2031-11-07,5.133333333333334,28,0.06870538556100758
2031-10-17,2031-11-14,5.152777777777778,28,0.06873311987391384
2031-10-24,2031-11-21,5.1722222222222225,28,0.06876083157846491
2031-10-31,2031-11-28,5.191666666666666,28,0.06878851921464296
2031-11-07,2031-12-05,5.211111111111111,28,0.06881618134632822
2031-11-14,2031-12-12,5.230555555555555,28,0.068843816561022
2031-11-21,2031-12-19,5.25,28,0.06887142346951267
2031-11-28,2031-12-26,5.269444444444445,28,0.0688990007055788
2031-12-05,2032-01-02,5.288888888888889,28,0.06892654692569801
2031-12-12,2032-01-09,5.308333333333334,28,0.06895406080872421
2031-12-19,2032-01-16,5.3277777777777775,28,0.06898154105562224
2031-12-26,2032-01-23,5.347222222222222,28,0.06900898638915948
2032-01-02,2032-01-30,5.366666666666666,28,0.06903639555363471
2032-01-09,2032-02-06,5.386111111111111,28,0.06906376731458108
2032-01-16,2032-02-13,5.405555555555556,28,0.06909110045850074
2032-01-23,2032-02-20,5.425,28,0.06911839379258497
2032-01-30,2032-02-27,5.444444444444445,28,0.069145646144443
2032-02-06,2032-03-05,5.463888888888889,28,0.06917285636183942
2032-02-13,2032-03-12,5.483333333333333,28,0.06920002331242284
2032-02-20,2032-03-19,5.502777777777778,28,0.06922714588347478
2032-02-27,2032-03-26,5.522222222222222,28,0.06925422298163841
2032-03-05,2032-04-02,5.541666666666667,28,0.06928125353269016
2032-03-12,2032-04-09,5.561111111111111,28,0.06930823648126566
2032-03-19,2032-04-16,5.580555555555556,28,0.06933517079062566
2032-03-26,2032-04-23,5.6,28,0.0693620554424019
2032-04-02,2032-04-30,5.6194444444444445,28,0.06938888943636876
2032-04-09,2032-05-07,5.638888888888889,28,0.06941567179020915
2032-04-16,2032-05-14,5.658333333333333,28,0.06944240153924902
2032-04-23,2032-05-21,5.677777777777778,28,0.06946907773627752
2032-04-30,2032-05-28,5.697222222222222,28,0.06949569945127568
2032-05-07,2032-06-04,5.716666666666667,28,0.0695222657711996
2032-05-14,2032-06-11,5.736111111111111,28,0.06954877579978908
2032-05-21,2032-06-18,5.7555555555555555,28,0.06957522865730212
2032-05-28,2032-06-25,5.775,28,0.0696016234803322
2032-06-04,2032-07-02,5.794444444444444,28,0.06962795942158
2032-06-11,2032-07-09,5.813888888888889,28,0.06965423564965338
2032-06-18,2032-07-16,5.833333333333333,28,0.06968045134884772
2032-06-25,2032-07-23,5.852777777777778,28,0.0697066057189374
2032-07-02,2032-07-30,5.872222222222222,28,0.06973269797499317
2032-07-09,2032-08-06,5.891666666666667,28,0.06975872734716512
2032-07-16,2032-08-13,5.911111111111111,28,0.06978469308049144
2032-07-23,2032-08-20,5.930555555555555,28,0.06981059443470145
2032-07-30,2032-08-27,5.95,28,0.06983643068401856
2032-08-06,2032-09-03,5.969444444444444,28,0.06986220111698899
2032-08-13,2032-09-10,5.988888888888889,28,0.06988790503626488
2032-08-20,2032-09-17,6.008333333333334,28,0.06991354175844716
2032-08-27,2032-09-24,6.027777777777778,28,0.06993911061388866
2032-09-03,2032-10-01,6.0472222222222225,28,0.0699646109465113
2032-09-10,2032-10-08,6.066666666666666,28,0.06999004211363774
2032-09-17,2032-10-15,6.086111111111111,28,0.07001540348581438
2032-09-24,2032-10-22,6.105555555555555,28,0.07004069444662285
2032-10-01,2032-10-29,6.125,28,0.07006591439253164
2032-10-08,2032-11-05,6.144444444444445,28,0.07009106273271337
2032-10-15,2032-11-12,6.163888888888889,28,0.07011613888887348
2032-10-22,2032-11-19,6.183333333333334,28,0.07014114229510181
2032-10-29,2032-11-26,6.2027777777777775,28,0.07016607239769838
2032-11-05,2032-12-03,6.222222222222222,28,0.07019092865500223
2032-11-12,2032-12-10,6.241666666666666,28,0.07021571053727424
2032-11-19,2032-12-17,6.261111111111111,28,0.07024041752648305
2032-11-26,2032-12-24,6.280555555555556,28,0.07026504911619094
2032-12-03,2032-12-31,6.3,28,0.07028960481139958
2032-12-10,2033-01-07,6.319444444444445,28,0.07031408412836448
2032-12-17,2033-01-14,6.338888888888889,28,0.07033848659450083
2032-12-24,2033-01-21,6.358333333333333,28,0.07036281174818645
2032-12-31,2033-01-28,6.377777777777778,28,0.07038705913865334
2033-01-07,2033-02-04,6.397222222222222,28,0.07041122832581641
2033-01-14,2033-02-11,6.416666666666667,28,0.07043531888015066
2033-01-21,2033-02-18,6.436111111111111,28,0.07045933038254848
2033-01-28,2033-02-25,6.455555555555556,28,0.07048326242416834
2033-02-04,2033-03-04,6.475,28,0.0705071146063263
2033-02-11,2033-03-11,6.4944444444444445,28,0.07053088654033043
2033-02-18,2033-03-18,6.513888888888889,28,0.07055457784737801
2033-02-25,2033-03-25,6.533333333333333,28,0.07057818815839287
2033-03-04,2033-04-01,6.552777777777778,28,0.07060171711392536
2033-03-11,2033-04-08,6.572222222222222,28,0.07062516436400403
2033-03-18,2033-04-15,6.591666666666667,28,0.07064852956802417
2033-03-25,2033-04-22,6.611111111111111,28,0.07067181239461373
2033-04-01,2033-04-29,6.6305555555555555,28,0.07069501252151619
2033-04-08,2033-05-06,6.65,28,0.0707181296354707
2033-04-15,2033-05-13,6.669444444444444,28,0.07074116343206935
2033-04-22,2033-05-20,6.688888888888889,28,0.07076411361568573
2033-04-29,2033-05-27,6.708333333333333,28,0.07078697989930374
2033-05-06,2033-06-03,6.727777777777778,28,0.07080976200444328
2033-05-13,2033-06-10,6.747222222222222,28,0.07083245966103181
2033-05-20,2033-06-17,6.766666666666667,28,0.0708550726072816
2033-05-27,2033-06-24,6.786111111111111,28,0.07087760058960406
2033-06-03,2033-07-01,6.805555555555555,28,0.0709000433624699
2033-06-10,2033-07-08,6.825,28,0.07092240068831483
2033-06-17,2033-07-15,6.844444444444444,28,0.07094467233744833
2033-06-24,2033-07-22,6.863888888888889,28,0.07096685808792223
2033-07-01,2033-07-29,6.883333333333334,28,0.07098895772543079
2033-07-08,2033-08-05,6.902777777777778,28,0.07101097104322797
2033-07-15,2033-08-12,6.9222222222222225,28,0.07103289784199321
2033-07-22,2033-08-19,6.941666666666666,28,0.07105473792976863
2033-07-29,2033-08-26,6.961111111111111,28,0.07107649112182202
2033-08-05,2033-09-02,6.980555555555555,28,0.07109815724057825
2033-08-12,2033-09-09,7.0,28,0.07111973611550518
2033-08-19,2033-09-16,7.019444444444445,28,0.07114122758302509
2033-08-26,2033-09-23,7.038888888888889,28,0.07116263148642618
2033-09-02,2033-09-30,7.058333333333334,28,0.07118394767573699
2033-09-09,2033-10-07,7.0777777777777775,28,0.07120517600769213
2033-09-16,2033-10-14,7.097222222222222,28,0.07122631634557809
2033-09-23,2033-10-21,7.116666666666666,28,0.07124736855919332
2033-09-30,2033-10-28,7.136111111111111,28,0.07126833252473112
2033-10-07,2033-11-04,7.155555555555556,28,0.07128920812469978
2033-10-14,2033-11-11,7.175,28,0.07130999524783688
2033-10-21,2033-11-18,7.194444444444445,28,0.07133069378902361
2033-10-28,2033-11-25,7.213888888888889,28,0.0713513036492021
2033-11-04,2033-12-02,7.233333333333333,28,0.07137182473527824
2033-11-11,2033-12-09,7.252777777777778,28,0.07139225696006177
2033-11-18,2033-12-16,7.272222222222222,28,0.07141260024216635
2033-11-25,2033-12-23,7.291666666666667,28,0.07143285450594394
2033-12-02,2033-12-30,7.311111111111111,28,0.07145301968139053
2033-12-09,2034-01-06,7.330555555555556,28,0.07147309570407195
2033-12-16,2034-01-13,7.35,28,0.0714930825150582
2033-12-23,2034-01-20,7.3694444444444445,28,0.07151298006082353
2033-12-30,2034-01-27,7.388888888888889,28,0.07153278829319788
2034-01-06,2034-02-03,7.408333333333333,28,0.07155250716927844
2034-01-13,2034-02-10,7.427777777777778,28,0.07157213665133254
2034-01-20,2034-02-17,7.447222222222222,28,0.07159167670678622
2034-01-27,2034-02-24,7.466666666666667,28,0.07161112730807867
2034-02-03,2034-03-03,7.486111111111111,28,0.0716304884326451
2034-02-10,2034-03-10,7.5055555555555555,28,0.07164976006283107
2034-02-17,2034-03-17,7.525,28,0.07166894218580394
2034-02-24,2034-03-24,7.544444444444444,28,0.07168803479350735
2034-03-03,2034-03-31,7.563888888888889,28,0.07170703788259251
2034-03-10,2034-04-07,7.583333333333333,28,0.07172595145433558
2034-03-17,2034-04-14,7.602777777777778,28,0.07174477551457757
2034-03-24,2034-04-21,7.622222222222222,28,0.07176351007367307
2034-03-31,2034-04-28,7.641666666666667,28,0.07178215514640453
2034-04-07,2034-05-05,7.661111111111111,28,0.07180071075193092
2034-04-14,2034-05-12,7.680555555555555,28,0.07181917691372774
2034-04-21,2034-05-19,7.7,28,0.07183755365950997
2034-04-28,2034-05-26,7.719444444444444,28,0.07185584102117781
2034-05-05,2034-06-02,7.738888888888889,28,0.07187403903477099
2034-05-12,2034-06-09,7.758333333333334,28,0.07189214774037746
2034-05-19,2034-06-16,7.777777777777778,28,0.07191016718210763
2034-05-26,2034-06-23,7.7972222222222225,28,0.07192809740801165
2034-06-02,2034-06-30,7.816666666666666,28,0.07194593847002796
2034-06-09,2034-07-07,7.836111111111111,28,0.07196369042392911
2034-06-16,2034-07-14,7.855555555555555,28,0.07198135332926459
2034-06-23,2034-07-21,7.875,28,0.07199892724930379
2034-06-30,2034-07-28,7.894444444444445,28,0.07201641225098175
2034-07-07,2034-08-04,7.913888888888889,28,0.07203380840483918
2034-07-14,2034-08-11,7.933333333333334,28,0.07205111578497966
2034-07-21,2034-08-18,7.9527777777777775,28,0.0720683344690154
2034-07-28,2034-08-25,7.972222222222222,28,0.07208546453798441
2034-08-04,2034-09-01,7.991666666666666,28,0.07210250607635059
2034-08-11,2034-09-08,8.011111111111111,28,0.07211945917190654
2034-08-18,2034-09-15,8.030555555555555,28,0.07213632391575084
2034-08-25,2034-09-22,8.05,28,0.07215310040222514
2034-09-01,2034-09-29,8.069444444444445,28,0.07216978872887145
2034-09-08,2034-10-06,8.088888888888889,28,0.0721863889963692
2034-09-15,2034-10-13,8.108333333333333,28,0.07220290130850968
2034-09-22,2034-10-20,8.127777777777778,28,0.07221932577213025
2034-09-29,2034-10-27,8.147222222222222,28,0.07223566249706025
2034-10-06,2034-11-03,8.166666666666666,28,0.0722519115961151
2034-10-13,2034-11-10,8.186111111111112,28,0.072268073184988
2034-10-20,2034-11-17,8.205555555555556,28,0.07228414738226123
2034-10-27,2034-11-24,8.225,28,0.07230013430933768
2034-11-03,2034-12-01,8.244444444444444,28,0.07231603409037803
2034-11-10,2034-12-08,8.26388888888889,28,0.07233184685229219
2034-11-17,2034-12-15,8.283333333333333,28,0.07234757272466506
2034-11-24,2034-12-22,8.302777777777777,28,0.07236321183974802
2034-12-01,2034-12-29,8.322222222222223,28,0.07237876433236748
2034-12-08,2035-01-05,8.341666666666667,28,0.07239423033993925
2034-12-15,2035-01-12,8.36111111111111,28,0.07240961000238855
2034-12-22,2035-01-19,8.380555555555556,28,0.07242490346210717
2034-12-29,2035-01-26,8.4,28,0.07244011086394783
2035-01-05,2035-02-02,8.419444444444444,28,0.07245523235513845
2035-01-12,2035-02-09,8.438888888888888,28,0.07247026808528798
2035-01-19,2035-02-16,8.458333333333334,28,0.07248521820630341
2035-01-26,2035-02-23,8.477777777777778,28,0.07250008287239856
2035-02-02,2035-03-02,8.497222222222222,28,0.07251486224001402
2035-02-09,2035-03-09,8.516666666666667,28,0.07252955646779714
2035-02-16,2035-03-16,8.536111111111111,28,0.07254416571656216
2035-02-23,2035-03-23,8.555555555555555,28,0.07255869014926729
2035-03-02,2035-03-30,8.575,28,0.07257312993095479
2035-03-09,2035-04-06,8.594444444444445,28,0.07258748522872528
2035-03-16,2035-04-13,8.613888888888889,28,0.07260175621172348
2035-03-23,2035-04-20,8.633333333333333,28,0.07261594305105248
2035-03-30,2035-04-27,8.652777777777779,28,0.07263004591978817
2035-04-06,2035-05-04,8.672222222222222,28,0.07264406499292766
2035-04-13,2035-05-11,8.691666666666666,28,0.0726580004473438
2035-04-20,2035-05-18,8.71111111111111,28,0.07267185246177071
2035-04-27,2035-05-25,8.730555555555556,28,0.07268562121676402
2035-05-04,2035-06-01,8.75,28,0.07269930689466067
2035-05-11,2035-06-08,8.769444444444444,28,0.07271290967955345
2035-05-18,2035-06-15,8.78888888888889,28,0.0727264297572594
2035-05-25,2035-06-22,8.808333333333334,28,0.07273986731529426
2035-06-01,2035-06-29,8.827777777777778,28,0.07275322254280958
2035-06-08,2035-07-06,8.847222222222221,28,0.07276649563061843
2035-06-15,2035-07-13,8.866666666666667,28,0.07277968677111835
2035-06-22,2035-07-20,8.886111111111111,28,0.07279279615826274
2035-06-29,2035-07-27,8.905555555555555,28,0.07280582398757808
2035-07-06,2035-08-03,8.925,28,0.07281877045606677
2035-07-13,2035-08-10,8.944444444444445,28,0.07283163576222718
2035-07-20,2035-08-17,8.963888888888889,28,0.07284442010601648
2035-07-27,2035-08-24,8.983333333333333,28,0.07285712368880219
2035-08-03,2035-08-31,9.002777777777778,28,0.0728697467133621
2035-08-10,2035-09-07,9.022222222222222,28,0.07288228938383005
2035-08-17,2035-09-14,9.041666666666666,28,0.07289475190568741
2035-08-24,2035-09-21,9.061111111111112,28,0.07290713448574015
2035-08-31,2035-09-28,9.080555555555556,28,0.072919437332059
2035-09-07,2035-10-05,9.1,28,0.07293166065399076
2035-09-14,2035-10-12,9.119444444444444,28,0.07294380466212415
2035-09-21,2035-10-19,9.13888888888889,28,0.07295586956823545
2035-09-28,2035-10-26,9.158333333333333,28,0.07296785558530289
2035-10-05,2035-11-02,9.177777777777777,28,0.07297976292746945
2035-10-12,2035-11-09,9.197222222222223,28,0.07299159180998865
2035-10-19,2035-11-16,9.216666666666667,28,0.07300334244924457
2035-10-26,2035-11-23,9.23611111111111,28,0.07301501506269467
2035-11-02,2035-11-30,9.255555555555556,28,0.073026609868867
2035-11-09,2035-12-07,9.275,28,0.07303812708732307
2035-11-16,2035-12-14,9.294444444444444,28,0.07304956693864074
2035-11-23,2035-12-21,9.313888888888888,28,0.07306092964438848
2035-11-30,2035-12-28,9.333333333333334,28,0.073072215427094
2035-12-07,2036-01-04,9.352777777777778,28,0.07308342451024423
2035-12-14,2036-01-11,9.372222222222222,28,0.07309455711825111
2035-12-21,2036-01-18,9.391666666666667,28,0.07310561347641725
2035-12-28,2036-01-25,9.411111111111111,28,0.07311659381093318
2036-01-04,2036-02-01,9.430555555555555,28,0.07312749834884295
2036-01-11,2036-02-08,9.45,28,0.07313832731803288
2036-01-18,2036-02-15,9.469444444444445,28,0.07314908094719717
2036-01-25,2036-02-22,9.488888888888889,28,0.07315975946584365
2036-02-01,2036-02-29,9.508333333333333,28,0.07317036310423099
2036-02-08,2036-03-07,9.527777777777779,28,0.07318089209340009
2036-02-15,2036-03-14,9.547222222222222,28,0.0731913466650913
2036-02-22,2036-03-21,9.566666666666666,28,0.07320172705179294
2036-02-29,2036-03-28,9.58611111111111,28,0.07321203348668132
2036-03-07,2036-04-04,9.605555555555556,28,0.07322226620358656
2036-03-14,2036-04-11,9.625,28,0.07323242543702962
2036-03-21,2036-04-18,9.644444444444444,28,0.073242511422151
2036-03-28,2036-04-25,9.66388888888889,28,0.07325252439470781
2036-04-04,2036-05-02,9.683333333333334,28,0.07326246459107383
2036-04-11,2036-05-09,9.702777777777778,28,0.07327233224819382
2036-04-18,2036-05-16,9.722222222222221,28,0.07328212760357491
2036-04-25,2036-05-23,9.741666666666667,28,0.07329185089528956
2036-05-02,2036-05-30,9.761111111111111,28,0.07330150236192116
2036-05-09,2036-06-06,9.780555555555555,28,0.07331108224257848
2036-05-16,2036-06-13,9.8,28,0.07332059077685843
2036-05-23,2036-06-20,9.819444444444445,28,0.07333002820484895
2036-05-30,2036-06-27,9.838888888888889,28,0.07333939476708334
2036-06-06,2036-07-04,9.858333333333333,28,0.07334869070455456
2036-06-13,2036-07-11,9.877777777777778,28,0.07335791625867806
2036-06-20,2036-07-18,9.897222222222222,28,0.07336707167128324
2036-06-27,2036-07-25,9.916666666666666,28,0.07337615718460493
2036-07-04,2036-08-01,9.936111111111112,28,0.07338517304124904
2036-07-11,2036-08-08,9.955555555555556,28,0.07339411948419837
2036-07-18,2036-08-15,9.975,28,0.07340299675678397
2036-07-25,2036-08-22,9.994444444444444,28,0.07341180510266236
2036-08-01,2036-08-29,10.01388888888889,28,0.07342054476582126
2036-08-08,2036-09-05,10.033333333333333,28,0.07342921599056235
2036-08-15,2036-09-12,10.052777777777777,28,0.0734378190214643
2036-08-22,2036-09-19,10.072222222222223,28,0.07344635410339695
2036-08-29,2036-09-26,10.091666666666667,28,0.0734548214814842
2036-09-05,2036-10-03,10.11111111111111,28,0.07346322140109551
2036-09-12,2036-10-10,10.130555555555556,28,0.07347155410785439
2036-09-19,2036-10-17,10.15,28,0.07347981984758706
2036-09-26,2036-10-24,10.169444444444444,28,0.07348801886633957
2036-10-03,2036-10-31,10.188888888888888,28,0.07349615141035493
2036-10-10,2036-11-07,10.208333333333334,28,0.0735042177260446
2036-10-17,2036-11-14,10.227777777777778,28,0.07351221805999991
2036-10-24,2036-11-21,10.247222222222222,28,0.0735201526589692
2036-10-31,2036-11-28,10.266666666666667,28,0.07352802176983785
2036-11-07,2036-12-05,10.286111111111111,28,0.07353582563962822
2036-11-14,2036-12-12,10.305555555555555,28,0.07354356451548551
2036-11-21,2036-12-19,10.325,28,0.07355123864464622
2036-11-28,2036-12-26,10.344444444444445,28,0.07355884827444964
2036-12-05,2037-01-02,10.363888888888889,28,0.07356639365232644
2036-12-12,2037-01-09,10.383333333333333,28,0.07357387502576433
2036-12-19,2037-01-16,10.402777777777779,28,0.0735812926423196
2036-12-26,2037-01-23,10.422222222222222,28,0.07358864674958847
2037-01-02,2037-01-30,10.441666666666666,28,0.07359593759521285
2037-01-09,2037-02-06,10.46111111111111,28,0.07360316542685462
2037-01-16,2037-02-13,10.480555555555556,28,0.07361033049218424
2037-01-23,2037-02-20,10.5,28,0.07361743303889215
2037-01-30,2037-02-27,10.519444444444444,28,0.07362447331464882
2037-02-06,2037-03-06,10.53888888888889,28,0.07363145156710754
2037-02-13,2037-03-13,10.558333333333334,28,0.07363836804389884
2037-02-20,2037-03-20,10.577777777777778,28,0.07364522299261322
2037-02-27,2037-03-27,10.597222222222221,28,0.07365201666078411
2037-03-06,2037-04-03,10.616666666666667,28,0.07365874929590209
2037-03-13,2037-04-10,10.636111111111111,28,0.07366542114537213
2037-03-20,2037-04-17,10.655555555555555,28,0.07367203245653636
2037-03-27,2037-04-24,10.675,28,0.0736785834766399
2037-04-03,2037-05-01,10.694444444444445,28,0.07368507445282502
2037-04-10,2037-05-08,10.713888888888889,28,0.07369150563214268
2037-04-17,2037-05-15,10.733333333333333,28,0.07369787726151822
2037-04-24,2037-05-22,10.752777777777778,28,0.07370418958773994
2037-05-01,2037-05-29,10.772222222222222,28,0.07371044285749052
2037-05-08,2037-06-05,10.791666666666666,28,0.0737166373172785
2037-05-15,2037-06-12,10.811111111111112,28,0.07372277321348676
2037-05-22,2037-06-19,10.830555555555556,28,0.07372885079231839
2037-05-29,2037-06-26,10.85,28,0.07373487029981085
2037-06-05,2037-07-03,10.869444444444444,28,0.07374083198184175
2037-06-12,2037-07-10,10.88888888888889,28,0.07374673608406315
2037-06-19,2037-07-17,10.908333333333333,28,0.07375258285197298
2037-06-26,2037-07-24,10.927777777777777,28,0.07375837253084644
2037-07-03,2037-07-31,10.947222222222223,28,0.07376410536575323
2037-07-10,2037-08-07,10.966666666666667,28,0.07376978160154891
2037-07-17,2037-08-14,10.98611111111111,28,0.07377540148285494
2037-07-24,2037-08-21,11.005555555555556,28,0.07378096525405585
2037-07-31,2037-08-28,11.025,28,0.07378647315930774
2037-08-07,2037-09-04,11.044444444444444,28,0.07379192544250694
2037-08-14,2037-09-11,11.063888888888888,28,0.0737973223473043
2037-08-21,2037-09-18,11.083333333333334,28,0.07380266411707938
2037-08-28,2037-09-25,11.102777777777778,28,0.07380795099493488
2037-09-04,2037-10-02,11.122222222222222,28,0.07381318322371369
2037-09-11,2037-10-09,11.141666666666667,28,0.07381836104596179
2037-09-18,2037-10-16,11.161111111111111,28,0.07382348470393112
2037-09-25,2037-10-23,11.180555555555555,28,0.07382855443958526
2037-10-02,2037-10-30,11.2,28,0.0738335704945852
2037-10-09,2037-11-06,11.219444444444445,28,0.07383853311025503
2037-10-16,2037-11-13,11.238888888888889,28,0.07384344252763622
2037-10-23,2037-11-20,11.258333333333333,28,0.07384829898742483
2037-10-30,2037-11-27,11.277777777777779,28,0.0738531027299914
2037-11-06,2037-12-04,11.297222222222222,28,0.07385785399536969
2037-11-13,2037-12-11,11.316666666666666,28,0.07386255302324793
2037-11-20,2037-12-18,11.33611111111111,28,0.07386720005297752
2037-11-27,2037-12-25,11.355555555555556,28,0.07387179532353302
2037-12-04,2038-01-01,11.375,28,0.07387633907355497
2037-12-11,2038-01-08,11.394444444444444,28,0.07388083154129278
2037-12-18,2038-01-15,11.41388888888889,28,0.07388527296464188
2037-12-25,2038-01-22,11.433333333333334,28,0.07388966358111514
2038-01-01,2038-01-29,11.452777777777778,28,0.07389400362783714
2038-01-08,2038-02-05,11.472222222222221,28,0.07389829334155566
2038-01-15,2038-02-12,11.491666666666667,28,0.07390253295860452
2038-01-22,2038-02-19,11.511111111111111,28,0.07390672271494068
2038-01-29,2038-02-26,11.530555555555555,28,0.07391086284610715
2038-02-05,2038-03-05,11.55,28,0.0739149535872387
2038-02-12,2038-03-12,11.569444444444445,28,0.07391899517305328
2038-02-19,2038-03-19,11.588888888888889,28,0.07392298783785206
2038-02-26,2038-03-26,11.608333333333333,28,0.07392693181551938
2038-03-05,2038-04-02,11.627777777777778,28,0.0739308273394942
2038-03-12,2038-04-09,11.647222222222222,28,0.07393467464279585
2038-03-19,2038-04-16,11.666666666666666,28,0.07393847395800401
2038-03-26,2038-04-23,11.686111111111112,28,0.07394222551724727
2038-04-02,2038-04-30,11.705555555555556,28,0.07394592955222029
2038-04-09,2038-05-07,11.725,28,0.07394958629415813
2038-04-16,2038-05-14,11.744444444444444,28,0.07395319597384185
2038-04-23,2038-05-21,11.76388888888889,28,0.0739567588215844
2038-04-30,2038-05-28,11.783333333333333,28,0.07396027506725046
2038-05-07,2038-06-04,11.802777777777777,28,0.07396374494022512
2038-05-14,2038-06-11,11.822222222222223,28,0.07396716866942242
2038-05-21,2038-06-18,11.841666666666667,28,0.07397054648328531
2038-05-28,2038-06-25,11.86111111111111,28,0.07397387860977434
2038-06-04,2038-07-02,11.880555555555556,28,0.07397716527636179
2038-06-11,2038-07-09,11.9,28,0.07398040671002898
2038-06-18,2038-07-16,11.919444444444444,28,0.07398360313728329
2038-06-25,2038-07-23,11.938888888888888,28,0.07398675478411823
2038-07-02,2038-07-30,11.958333333333334,28,0.07398986187603056
2038-07-09,2038-08-06,11.977777777777778,28,0.07399292463803173
2038-07-16,2038-08-13,11.997222222222222,28,0.073995943294605
2038-07-23,2038-08-20,12.016666666666667,28,0.07399891806973694
2038-07-30,2038-08-27,12.036111111111111,28,0.07400184918690021
2038-08-06,2038-09-03,12.055555555555555,28,0.07400473686904789
2038-08-13,2038-09-10,12.075,28,0.07400758133862777
2038-08-20,2038-09-17,12.094444444444445,28,0.07401038281753948
2038-08-27,2038-09-24,12.113888888888889,28,0.07401314152717735
2038-09-03,2038-10-01,12.133333333333333,28,0.07401585768841043
2038-09-10,2038-10-08,12.152777777777779,28,0.0740185315215596
2038-09-17,2038-10-15,12.172222222222222,28,0.0740211632464205
2038-09-24,2038-10-22,12.191666666666666,28,0.07402375308225485
2038-10-01,2038-10-29,12.21111111111111,28,0.074026301247782
2038-10-08,2038-11-05,12.230555555555556,28,0.07402880796116744
2038-10-15,2038-11-12,12.25,28,0.07403127344005705
2038-10-22,2038-11-19,12.269444444444444,28,0.07403369790152294
2038-10-29,2038-11-26,12.28888888888889,28,0.07403608156209472
2038-11-05,2038-12-03,12.308333333333334,28,0.07403842463776249
2038-11-12,2038-12-10,12.327777777777778,28,0.0740407273439368
2038-11-19,2038-12-17,12.347222222222221,28,0.07404298989549433
2038-11-26,2038-12-24,12.366666666666667,28,0.0740452125067294
2038-12-03,2038-12-31,12.386111111111111,28,0.07404739539138243
2038-12-10,2039-01-07,12.405555555555555,28,0.0740495387626429
2038-12-17,2039-01-14,12.425,28,0.07405164283310363
2038-12-24,2039-01-21,12.444444444444445,28,0.07405370781481212
2038-12-31,2039-01-28,12.463888888888889,28,0.07405573391923635
2039-01-07,2039-02-04,12.483333333333333,28,0.07405772135727334
2039-01-14,2039-02-11,12.502777777777778,28,0.07405967033922632
2039-01-21,2039-02-18,12.522222222222222,28,0.07406158107485318
2039-01-28,2039-02-25,12.541666666666666,28,0.07406345377330663
2039-02-04,2039-03-04,12.561111111111112,28,0.07406528864316268
2039-02-11,2039-03-11,12.580555555555556,28,0.07406708589242639
2039-02-18,2039-03-18,12.6,28,0.07406884572849469
2039-02-25,2039-03-25,12.619444444444444,28,0.07407056835820214
2039-03-04,2039-04-01,12.63888888888889,28,0.07407225398777234
2039-03-11,2039-04-08,12.658333333333333,28,0.07407390282285224
2039-03-18,2039-04-15,12.677777777777777,28,0.07407551506850352
2039-03-25,2039-04-22,12.697222222222223,28,0.07407709092916262
2039-04-01,2039-04-29,12.716666666666667,28,0.07407863060870934
2039-04-08,2039-05-06,12.73611111111111,28,0.07408013431040107
2039-04-15,2039-05-13,12.755555555555556,28,0.07408160223690428
2039-04-22,2039-05-20,12.775,28,0.07408303459028875
2039-04-29,2039-05-27,12.794444444444444,28,0.07408443157201333
2039-05-06,2039-06-03,12.813888888888888,28,0.0740857933829545
2039-05-13,2039-06-10,12.833333333333334,28,0.0740871202233549
2039-05-20,2039-06-17,12.852777777777778,28,0.07408841229288626
2039-05-27,2039-06-24,12.872222222222222,28,0.07408966979058652
2039-06-03,2039-07-01,12.891666666666667,28,0.07409089291489122
2039-06-10,2039-07-08,12.911111111111111,28,0.0740920818636421
2039-06-17,2039-07-15,12.930555555555555,28,0.07409323683405855
2039-06-24,2039-07-22,12.95,28,0.07409435802275187
2039-07-01,2039-07-29,12.969444444444445,28,0.07409544562571384
2039-07-08,2039-08-05,12.988888888888889,28,0.07409649983833676
2039-07-15,2039-08-12,13.008333333333333,28,0.07409752085539337
2039-07-22,2039-08-19,13.027777777777779,28,0.0740985088710341
2039-07-29,2039-08-26,13.047222222222222,28,0.07409946407881268
2039-08-05,2039-09-02,13.066666666666666,28,0.07410038667164624
2039-08-12,2039-09-09,13.08611111111111,28,0.07410127684183523
2039-08-19,2039-09-16,13.105555555555556,28,0.07410213478107774
2039-08-26,2039-09-23,13.125,28,0.07410296068043808
2039-09-02,2039-09-30,13.144444444444444,28,0.07410375473036673
2039-09-09,2039-10-07,13.16388888888889,28,0.07410451712070332
2039-09-16,2039-10-14,13.183333333333334,28,0.07410524804063932
2039-09-23,2039-10-21,13.202777777777778,28,0.07410594767877246
2039-09-30,2039-10-28,13.222222222222221,28,0.07410661622306096
2039-10-07,2039-11-04,13.241666666666667,28,0.07410725386084353
2039-10-14,2039-11-11,13.261111111111111,28,0.07410786077884511
2039-10-21,2039-11-18,13.280555555555555,28,0.0741084371631511
2039-10-28,2039-11-25,13.3,28,0.07410898319923317
2039-11-04,2039-12-02,13.319444444444445,28,0.07410949907193201
2039-11-11,2039-12-09,13.338888888888889,28,0.07410998496546599
2039-11-18,2039-12-16,13.358333333333333,28,0.0741104410634311
2039-11-25,2039-12-23,13.377777777777778,28,0.07411086754878957
2039-12-02,2039-12-30,13.397222222222222,28,0.07411126460387266
2039-12-09,2040-01-06,13.416666666666666,28,0.07411163241040931
2039-12-16,2040-01-13,13.436111111111112,28,0.07411197114946612
2039-12-23,2040-01-20,13.455555555555556,28,0.074112281001513
2039-12-30,2040-01-27,13.475,28,0.07411256214637182
2040-01-06,2040-02-03,13.494444444444444,28,0.07411281476325066
2040-01-13,2040-02-10,13.51388888888889,28,0.07411303903071241
2040-01-20,2040-02-17,13.533333333333333,28,0.07411323512671185
2040-01-27,2040-02-24,13.552777777777777,28,0.07411340322856429
2040-02-03,2040-03-02,13.572222222222223,28,0.0741135435129541
2040-02-10,2040-03-09,13.591666666666667,28,0.07411365615594617
2040-02-17,2040-03-16,13.61111111111111,28,0.07411374133296304
2040-02-24,2040-03-23,13.630555555555556,28,0.07411379921881915
2040-03-02,2040-03-30,13.65,28,0.07411382998767518
2040-03-09,2040-04-06,13.669444444444444,28,0.07411383381308946
2040-03-16,2040-04-13,13.688888888888888,28,0.07411381086797222
2040-03-23,2040-04-20,13.708333333333334,28,0.07411376132460853
2040-03-30,2040-04-27,13.727777777777778,28,0.0741136853546582
2040-04-06,2040-05-04,13.747222222222222,28,0.07411358312915299
2040-04-13,2040-05-11,13.766666666666667,28,0.07411345481850518
2040-04-20,2040-05-18,13.786111111111111,28,0.07411330059248465
2040-04-27,2040-05-25,13.805555555555555,28,0.07411312062023326
2040-05-04,2040-06-01,13.825,28,0.0741129150702762
2040-05-11,2040-06-08,13.844444444444445,28,0.0741126841105049
2040-05-18,2040-06-15,13.863888888888889,28,0.07411242790817983
2040-05-25,2040-06-22,13.883333333333333,28,0.0741121466299477
2040-06-01,2040-06-29,13.902777777777779,28,0.07411184044182141
2040-06-08,2040-07-06,13.922222222222222,28,0.07411150950917156
2040-06-15,2040-07-13,13.941666666666666,28,0.0741111539967749
2040-06-22,2040-07-20,13.96111111111111,28,0.07411077406876013
2040-06-29,2040-07-27,13.980555555555556,28,0.07411036988862506
2040-07-06,2040-08-03,14.0,28,0.07410994161927079
2040-07-13,2040-08-10,14.019444444444444,28,0.0741094894229504
2040-07-20,2040-08-17,14.03888888888889,28,0.07410901346129745
2040-07-27,2040-08-24,14.058333333333334,28,0.07410851389532315
2040-08-03,2040-08-31,14.077777777777778,28,0.07410799088542205
2040-08-10,2040-09-07,14.097222222222221,28,0.07410744459135207
2040-08-17,2040-09-14,14.116666666666667,28,0.0741068751722659
2040-08-24,2040-09-21,14.136111111111111,28,0.07410628278668817
2040-08-31,2040-09-28,14.155555555555555,28,0.07410566759250971
2040-09-07,2040-10-05,14.175,28,0.07410502974701899
2040-09-14,2040-10-12,14.194444444444445,28,0.07410436940687642
2040-09-21,2040-10-19,14.213888888888889,28,0.07410368672812861
2040-09-28,2040-10-26,14.233333333333333,28,0.07410298186618837
2040-10-05,2040-11-02,14.252777777777778,28,0.07410225497587472
2040-10-12,2040-11-09,14.272222222222222,28,0.07410150621135861
2040-10-19,2040-11-16,14.291666666666666,28,0.07410073572622863
2040-10-26,2040-11-23,14.311111111111112,28,0.07409994367343385
2040-11-02,2040-11-30,14.330555555555556,28,0.07409913020531242
2040-11-09,2040-12-07,14.35,28,0.07409829547359438
2040-11-16,2040-12-14,14.369444444444444,28,0.07409743962937602
2040-11-23,2040-12-21,14.38888888888889,28,0.0740965628231741
2040-11-30,2040-12-28,14.408333333333333,28,0.07409566520486299
2040-12-07,2041-01-04,14.427777777777777,28,0.07409474692371758
2040-12-14,2041-01-11,14.447222222222223,28,0.07409380812840752
2040-12-21,2041-01-18,14.466666666666667,28,0.07409284896697724
2040-12-28,2041-01-25,14.48611111111111,28,0.0740918695868688
2041-01-04,2041-02-01,14.505555555555556,28,0.0740908701349333
2041-01-11,2041-02-08,14.525,28,0.07408985075737094
2041-01-18,2041-02-15,14.544444444444444,28,0.07408881159982807
2041-01-25,2041-02-22,14.563888888888888,28,0.07408775280730584
2041-02-01,2041-03-01,14.583333333333334,28,0.0740866745242116
2041-02-08,2041-03-08,14.602777777777778,28,0.07408557689435602
2041-02-15,2041-03-15,14.622222222222222,28,0.07408446006093314
2041-02-22,2041-03-22,14.641666666666667,28,0.07408332416654886
2041-03-01,2041-03-29,14.661111111111111,28,0.07408216935320391
2041-03-08,2041-04-05,14.680555555555555,28,0.07408099576228803
2041-03-15,2041-04-12,14.7,28,0.07407980353460575
2041-03-22,2041-04-19,14.719444444444445,28,0.0740785928103506
2041-03-29,2041-04-26,14.738888888888889,28,0.07407736372911954
2041-04-05,2041-05-03,14.758333333333333,28,0.07407611642992704
2041-04-12,2041-05-10,14.777777777777779,28,0.07407485105117953
2041-04-19,2041-05-17,14.797222222222222,28,0.07407356773068965
2041-04-26,2041-05-24,14.816666666666666,28,0.07407226660568764
2041-05-03,2041-05-31,14.83611111111111,28,0.07407094781278417
2041-05-10,2041-06-07,14.855555555555556,28,0.07406961148803047
2041-05-17,2041-06-14,14.875,28,0.07406825776686102
2041-05-24,2041-06-21,14.894444444444444,28,0.07406688678414224
2041-05-31,2041-06-28,14.91388888888889,28,0.07406549867413816
2041-06-07,2041-07-05,14.933333333333334,28,0.0740640935705247
2041-06-14,2041-07-12,14.952777777777778,28,0.07406267160641253
2041-06-21,2041-07-19,14.972222222222221,28,0.07406123291429566
2041-06-28,2041-07-26,14.991666666666667,28,0.07405977762610855
2041-07-05,2041-08-02,15.011111111111111,28,0.07405830587319187
2041-07-12,2041-08-09,15.030555555555555,28,0.07405681778630102
2041-07-19,2041-08-16,15.05,28,0.074055313495629
2041-07-26,2041-08-23,15.069444444444445,28,0.07405379313076642
2041-08-02,2041-08-30,15.088888888888889,28,0.0740522568207415
2041-08-09,2041-09-06,15.108333333333333,28,0.07405070469400009
2041-08-16,2041-09-13,15.127777777777778,28,0.07404913687840274
2041-08-23,2041-09-20,15.147222222222222,28,0.07404755350126477
2041-08-30,2041-09-27,15.166666666666666,28,0.07404595468928767
2041-09-06,2041-10-04,15.186111111111112,28,0.07404434056863053
2041-09-13,2041-10-11,15.205555555555556,28,0.07404271126487291
2041-09-20,2041-10-18,15.225,28,0.0740410669030148
2041-09-27,2041-10-25,15.244444444444444,28,0.07403940760750524
2041-10-04,2041-11-01,15.26388888888889,28,0.07403773350221655
2041-10-11,2041-11-08,15.283333333333333,28,0.07403604471044442
2041-10-18,2041-11-15,15.302777777777777,28,0.07403434135494205
2041-10-25,2041-11-22,15.322222222222223,28,0.07403262355787746
2041-11-01,2041-11-29,15.341666666666667,28,0.07403089144086764
2041-11-08,2041-12-06,15.36111111111111,28,0.07402914512497004
2041-11-15,2041-12-13,15.380555555555556,28,0.07402738473067684
2041-11-22,2041-12-20,15.4,28,0.07402561037791783
2041-11-29,2041-12-27,15.419444444444444,28,0.07402382218608038
2041-12-06,2042-01-03,15.438888888888888,28,0.07402202027398085
2041-12-13,2042-01-10,15.458333333333334,28,0.07402020475988179
2041-12-20,2042-01-17,15.477777777777778,28,0.07401837576150617
2041-12-27,2042-01-24,15.497222222222222,28,0.07401653339600316
2042-01-03,2042-01-31,15.516666666666667,28,0.0740146777800023
2042-01-10,2042-02-07,15.536111111111111,28,0.07401280902955364
2042-01-17,2042-02-14,15.555555555555555,28,0.0740109272601676
2042-01-24,2042-02-21,15.575,28,0.07400903258682082
2042-01-31,2042-02-28,15.594444444444445,28,0.07400712512391605
2042-02-07,2042-03-07,15.613888888888889,28,0.0740052049853479
2042-02-14,2042-03-14,15.633333333333333,28,0.07400327228444287
2042-02-21,2042-03-21,15.652777777777779,28,0.07400132713399644
2042-02-28,2042-03-28,15.672222222222222,28,0.07399936964626454
2042-03-07,2042-04-04,15.691666666666666,28,0.07399739993294922
2042-03-14,2042-04-11,15.71111111111111,28,0.07399541810524443
2042-03-21,2042-04-18,15.730555555555556,28,0.07399342427377878
2042-03-28,2042-04-25,15.75,28,0.07399141854866421
2042-04-04,2042-05-02,15.769444444444444,28,0.07398940103947022
2042-04-11,2042-05-09,15.78888888888889,28,0.07398737185524386
2042-04-18,2042-05-16,15.808333333333334,28,0.07398533110449261
2042-04-25,2042-05-23,15.827777777777778,28,0.07398327889520154
2042-05-02,2042-05-30,15.847222222222221,28,0.07398121533482753
2042-05-09,2042-06-06,15.866666666666667,28,0.07397914053029078
2042-05-16,2042-06-13,15.886111111111111,28,0.07397705458800331
2042-05-23,2042-06-20,15.905555555555555,28,0.07397495761384613
2042-05-30,2042-06-27,15.925,28,0.07397284971318069
2042-06-06,2042-07-04,15.944444444444445,28,0.07397073099084311
2042-06-13,2042-07-11,15.963888888888889,28,0.07396860155114997
2042-06-20,2042-07-18,15.983333333333333,28,0.07396646149790678
2042-06-27,2042-07-25,16.002777777777776,28,0.07396431093440237
2042-07-04,2042-08-01,16.022222222222222,28,0.07396214996340308
2042-07-11,2042-08-08,16.041666666666668,28,0.07395997868717284
2042-07-18,2042-08-15,16.06111111111111,28,0.07395779720746168
2042-07-25,2042-08-22,16.080555555555556,28,0.07395560562549434
2042-08-01,2042-08-29,16.1,28,0.0739534040420017
2042-08-08,2042-09-05,16.119444444444444,28,0.07395119255721783
2042-08-15,2042-09-12,16.13888888888889,28,0.07394897127084013
2042-08-22,2042-09-19,16.158333333333335,28,0.07394674028209496
2042-08-29,2042-09-26,16.177777777777777,28,0.07394449968967479
2042-09-05,2042-10-03,16.197222222222223,28,0.07394224959179249
2042-09-12,2042-10-10,16.216666666666665,28,0.07393999008615275
2042-09-19,2042-10-17,16.23611111111111,28,0.07393772126994927
2042-09-26,2042-10-24,16.255555555555556,28,0.07393544323991609
2042-10-03,2042-10-31,16.275,28,0.07393315609225054
2042-10-10,2042-11-07,16.294444444444444,28,0.07393085992267892
2042-10-17,2042-11-14,16.31388888888889,28,0.07392855482642219
2042-10-24,2042-11-21,16.333333333333332,28,0.07392624089822743
2042-10-31,2042-11-28,16.352777777777778,28,0.07392391823233067
2042-11-07,2042-12-05,16.372222222222224,28,0.0739215869224912
2042-11-14,2042-12-12,16.391666666666666,28,0.07391924706200298
2042-11-21,2042-12-19,16.41111111111111,28,0.07391689874361466
2042-11-28,2042-12-26,16.430555555555557,28,0.07391454205964955
2042-12-05,2043-01-02,16.45,28,0.07391217710193418
2042-12-12,2043-01-09,16.469444444444445,28,0.07390980396178407
2042-12-19,2043-01-16,16.488888888888887,28,0.07390742273009224
2042-12-26,2043-01-23,16.508333333333333,28,0.07390503349721783
2043-01-02,2043-01-30,16.52777777777778,28,0.0739026363530718
2043-01-09,2043-02-06,16.54722222222222,28,0.07390023138709687
2043-01-16,2043-02-13,16.566666666666666,28,0.07389781868823901
2043-01-23,2043-02-20,16.586111111111112,28,0.07389539834498463
2043-01-30,2043-02-27,16.605555555555554,28,0.07389297044535757
2043-02-06,2043-03-06,16.625,28,0.07389053507691067
2043-02-13,2043-03-13,16.644444444444446,28,0.07388809232670283
2043-02-20,2043-03-20,16.663888888888888,28,0.07388564228137337
2043-02-27,2043-03-27,16.683333333333334,28,0.07388318502706191
2043-03-06,2043-04-03,16.70277777777778,28,0.07388072064944565
2043-03-13,2043-04-10,16.72222222222222,28,0.0738782492337764
2043-03-20,2043-04-17,16.741666666666667,28,0.07387577086480634
2043-03-27,2043-04-24,16.761111111111113,28,0.0738732856268395
2043-04-03,2043-05-01,16.780555555555555,28,0.0738707936037459
2043-04-10,2043-05-08,16.8,28,0.07386829487890458
2043-04-17,2043-05-15,16.819444444444443,28,0.07386578953526916
2043-04-24,2043-05-22,16.83888888888889,28,0.07386327765533368
2043-05-01,2043-05-29,16.858333333333334,28,0.07386075932112966
2043-05-08,2043-06-05,16.877777777777776,28,0.07385823461426037
2043-05-15,2043-06-12,16.897222222222222,28,0.07385570361586666
2043-05-22,2043-06-19,16.916666666666668,28,0.07385316640663536
2043-05-29,2043-06-26,16.93611111111111,28,0.0738506230668366
2043-06-05,2043-07-03,16.955555555555556,28,0.07384807367627223
2043-06-12,2043-07-10,16.975,28,0.0738455183143102
2043-06-19,2043-07-17,16.994444444444444,28,0.07384295705989308
2043-06-26,2043-07-24,17.01388888888889,28,0.07384038999149808
2043-07-03,2043-07-31,17.033333333333335,28,0.07383781718718563
2043-07-10,2043-08-07,17.052777777777777,28,0.07383523872457934
2043-07-17,2043-08-14,17.072222222222223,28,0.07383265468084892
2043-07-24,2043-08-21,17.091666666666665,28,0.07383006513275868
2043-07-31,2043-08-28,17.11111111111111,28,0.07382747015662755
2043-08-07,2043-09-04,17.130555555555556,28,0.07382486982833486
2043-08-14,2043-09-11,17.15,28,0.07382226422337165
2043-08-21,2043-09-18,17.169444444444444,28,0.07381965341675503
2043-08-28,2043-09-25,17.18888888888889,28,0.07381703748309963
2043-09-04,2043-10-02,17.208333333333332,28,0.07381441649660893
2043-09-11,2043-10-09,17.227777777777778,28,0.07381179053103537
2043-09-18,2043-10-16,17.247222222222224,28,0.0738091596597317
2043-09-25,2043-10-23,17.266666666666666,28,0.0738065239556253
2043-10-02,2043-10-30,17.28611111111111,28,0.0738038834912239
2043-10-09,2043-11-06,17.305555555555557,28,0.07380123833862978
2043-10-16,2043-11-13,17.325,28,0.07379858856952565
2043-10-23,2043-11-20,17.344444444444445,28,0.07379593425517163
2043-10-30,2043-11-27,17.363888888888887,28,0.07379327546643388
2043-11-06,2043-12-04,17.383333333333333,28,0.07379061227375892
2043-11-13,2043-12-11,17.40277777777778,28,0.07378794474716788
2043-11-20,2043-12-18,17.42222222222222,28,0.0737852729563136
2043-11-27,2043-12-25,17.441666666666666,28,0.07378259697042072
2043-12-04,2044-01-01,17.461111111111112,28,0.07377991685828565
2043-12-11,2044-01-08,17.480555555555554,28,0.07377723268837359
2043-12-18,2044-01-15,17.5,28,0.07377454452867305
2043-12-25,2044-01-22,17.519444444444446,28,0.0737718524468099
2044-01-01,2044-01-29,17.538888888888888,28,0.07376915651001609
2044-01-08,2044-02-05,17.558333333333334,28,0.07376645678510675
2044-01-15,2044-02-12,17.57777777777778,28,0.07376375333851445
2044-01-22,2044-02-19,17.59722222222222,28,0.07376104623628635
2044-01-29,2044-02-26,17.616666666666667,28,0.07375833554406139
2044-02-05,2044-03-04,17.636111111111113,28,0.07375562132708735
2044-02-12,2044-03-11,17.655555555555555,28,0.07375290365025235
2044-02-19,2044-03-18,17.675,28,0.0737501825780191
2044-02-26,2044-03-25,17.694444444444443,28,0.07374745817448775
2044-03-04,2044-04-01,17.71388888888889,28,0.0737447305033645
2044-03-11,2044-04-08,17.733333333333334,28,0.07374199962796155
2044-03-18,2044-04-15,17.752777777777776,28,0.07373926561125423
2044-03-25,2044-04-22,17.772222222222222,28,0.07373652851578395
2044-04-01,2044-04-29,17.791666666666668,28,0.07373378840374098
2044-04-08,2044-05-06,17.81111111111111,28,0.0737310453369387
2044-04-15,2044-05-13,17.830555555555556,28,0.07372829937679942
2044-04-22,2044-05-20,17.85,28,0.0737255505843886
2044-04-29,2044-05-27,17.869444444444444,28,0.0737227990204005
2044-05-06,2044-06-03,17.88888888888889,28,0.0737200447451298
2044-05-13,2044-06-10,17.908333333333335,28,0.07371728781853706
2044-05-20,2044-06-17,17.927777777777777,28,0.07371452830020037
2044-05-27,2044-06-24,17.947222222222223,28,0.07371176624931236
2044-06-03,2044-07-01,17.966666666666665,28,0.07370900172473739
2044-06-10,2044-07-08,17.98611111111111,28,0.07370623478494011
2044-06-17,2044-07-15,18.005555555555556,28,0.07370346548803403
2044-06-24,2044-07-22,18.025,28,0.0737006938917958
2044-07-01,2044-07-29,18.044444444444444,28,0.07369792005361095
2044-07-08,2044-08-05,18.06388888888889,28,0.07369514403050813
2044-07-15,2044-08-12,18.083333333333332,28,0.07369236587918485
2044-07-22,2044-08-19,18.102777777777778,28,0.07368958565596749
2044-07-29,2044-08-26,18.122222222222224,28,0.07368680341679701
2044-08-05,2044-09-02,18.141666666666666,28,0.07368401921733746
2044-08-12,2044-09-09,18.16111111111111,28,0.0736812331128332
2044-08-19,2044-09-16,18.180555555555557,28,0.07367844515819463
2044-08-26,2044-09-23,18.2,28,0.07367565540802376
2044-09-02,2044-09-30,18.219444444444445,28,0.07367286391651152
2044-09-09,2044-10-07,18.238888888888887,28,0.07367007073755197
2044-09-16,2044-10-14,18.258333333333333,28,0.07366727592468227
2044-09-23,2044-10-21,18.27777777777778,28,0.07366447953108272
2044-09-30,2044-10-28,18.29722222222222,28,0.07366168160962536
2044-10-07,2044-11-04,18.316666666666666,28,0.07365888221279672
2044-10-14,2044-11-11,18.336111111111112,28,0.07365608139277795
2044-10-21,2044-11-18,18.355555555555554,28,0.07365327920141043
2044-10-28,2044-11-25,18.375,28,0.0736504756901844
2044-11-04,2044-12-02,18.394444444444446,28,0.07364767091027323
2044-11-11,2044-12-09,18.413888888888888,28,0.07364486491251336
2044-11-18,2044-12-16,18.433333333333334,28,0.07364205774740157
2044-11-25,2044-12-23,18.45277777777778,28,0.07363924946510629
2044-12-02,2044-12-30,18.47222222222222,28,0.07363644011547908
2044-12-09,2045-01-06,18.491666666666667,28,0.0736336297480289
2044-12-16,2045-01-13,18.511111111111113,28,0.07363081841195067
2044-12-23,2045-01-20,18.530555555555555,28,0.07362800615611675
2044-12-30,2045-01-27,18.55,28,0.07362519302905403
2045-01-06,2045-02-03,18.569444444444443,28,0.07362237907900676
2045-01-13,2045-02-10,18.58888888888889,28,0.07361956435384524
2045-01-20,2045-02-17,18.608333333333334,28,0.07361674890116568
2045-01-27,2045-02-24,18.627777777777776,28,0.07361393276824739
2045-02-03,2045-03-03,18.647222222222222,28,0.07361111600201856
2045-02-10,2045-03-10,18.666666666666668,28,0.07360829864912187
2045-02-17,2045-03-17,18.68611111111111,28,0.07360548075588026
2045-02-24,2045-03-24,18.705555555555556,28,0.07360266236829695
2045-03-03,2045-03-31,18.725,28,0.07359984353205538
2045-03-10,2045-04-07,18.744444444444444,28,0.0735970242925678
2045-03-17,2045-04-14,18.76388888888889,28,0.07359420469489246
2045-03-24,2045-04-21,18.783333333333335,28,0.07359138478381638
2045-03-31,2045-04-28,18.802777777777777,28,0.07358856460380402
2045-04-07,2045-05-05,18.822222222222223,28,0.07358574419901144
2045-04-14,2045-05-12,18.841666666666665,28,0.073582923613315
2045-04-21,2045-05-19,18.86111111111111,28,0.07358010289025417
2045-04-28,2045-05-26,18.880555555555556,28,0.0735772820730886
2045-05-05,2045-06-02,18.9,28,0.07357446120479537
2045-05-12,2045-06-09,18.919444444444444,28,0.0735716403280232
2045-05-19,2045-06-16,18.93888888888889,28,0.07356881948514106
2045-05-26,2045-06-23,18.958333333333332,28,0.07356599871822672
2045-06-02,2045-06-30,18.977777777777778,28,0.07356317806905249
2045-06-09,2045-07-07,18.997222222222224,28,0.07356035757909948
2045-06-16,2045-07-14,19.016666666666666,28,0.07355753728956614
2045-06-23,2045-07-21,19.03611111111111,28,0.07355471724136546
2045-06-30,2045-07-28,19.055555555555557,28,0.07355189747510213
2045-07-07,2045-08-04,19.075,28,0.07354907803112098
2045-07-14,2045-08-11,19.094444444444445,28,0.07354625894945288
2045-07-21,2045-08-18,19.113888888888887,28,0.073543440269866
2045-07-28,2045-08-25,19.133333333333333,28,0.07354062203182592
2045-08-04,2045-09-01,19.15277777777778,28,0.073537804274527
2045-08-11,2045-09-08,19.17222222222222,28,0.07353498703690667
2045-08-18,2045-09-15,19.191666666666666,28,0.07353217035756833
2045-08-25,2045-09-22,19.211111111111112,28,0.07352935427488985
2045-09-01,2045-09-29,19.230555555555554,28,0.07352653882694936
2045-09-08,2045-10-06,19.25,28,0.07352372405153945
2045-09-15,2045-10-13,19.269444444444446,28,0.0735209099861987
2045-09-22,2045-10-20,19.288888888888888,28,0.07351809666818587
2045-09-29,2045-10-27,19.308333333333334,28,0.07351528413447708
2045-10-06,2045-11-03,19.32777777777778,28,0.07351247242179154
2045-10-13,2045-11-10,19.34722222222222,28,0.07350966156658581
2045-10-20,2045-11-17,19.366666666666667,28,0.07350685160501096
2045-10-27,2045-11-24,19.386111111111113,28,0.07350404257300681
2045-11-03,2045-12-01,19.405555555555555,28,0.07350123450620202
2045-11-10,2045-12-08,19.425,28,0.07349842743997113
2045-11-17,2045-12-15,19.444444444444443,28,0.07349562140945462
2045-11-24,2045-12-22,19.46388888888889,28,0.07349281644949317
2045-12-01,2045-12-29,19.483333333333334,28,0.07349001259468199
2045-12-08,2046-01-05,19.502777777777776,28,0.07348720987935359
2045-12-15,2046-01-12,19.522222222222222,28,0.07348440833760359
2045-12-22,2046-01-19,19.541666666666668,28,0.07348160800322491
2045-12-29,2046-01-26,19.56111111111111,28,0.07347880890980786
2046-01-05,2046-02-02,19.580555555555556,28,0.07347601109065721
2046-01-12,2046-02-09,19.6,28,0.07347321457880941
2046-01-19,2046-02-16,19.619444444444444,28,0.07347041940709818
2046-01-26,2046-02-23,19.63888888888889,28,0.07346762560806035
2046-02-02,2046-03-02,19.658333333333335,28,0.07346483321400152
2046-02-09,2046-03-09,19.677777777777777,28,0.07346204225699315
2046-02-16,2046-03-16,19.697222222222223,28,0.07345925276881271
2046-02-23,2046-03-23,19.716666666666665,28,0.07345646478105206
2046-03-02,2046-03-30,19.73611111111111,28,0.07345367832501186
2046-03-09,2046-04-06,19.755555555555556,28,0.07345089343176442
2046-03-16,2046-04-13,19.775,28,0.07344811013215935
2046-03-23,2046-04-20,19.794444444444444,28,0.07344532845676076
2046-03-30,2046-04-27,19.81388888888889,28,0.07344254843593293
2046-04-06,2046-05-04,19.833333333333332,28,0.07343977009978035
2046-04-13,2046-05-11,19.852777777777778,28,0.07343699347816772
2046-04-20,2046-05-18,19.872222222222224,28,0.07343421860073704
2046-04-27,2046-05-25,19.891666666666666,28,0.07343144549689049
2046-05-04,2046-06-01,19.91111111111111,28,0.07342867419579045
2046-05-11,2046-06-08,19.930555555555557,28,0.07342590472635951
2046-05-18,2046-06-15,19.95,28,0.07342313711731473
2046-05-25,2046-06-22,19.969444444444445,28,0.07342037139709616
2046-06-01,2046-06-29,19.988888888888887,28,0.0734176075939641
2046-06-08,2046-07-06,20.008333333333333,28,0.07341484573592469
2046-06-15,2046-07-13,20.02777777777778,28,0.07341208585073858
2046-06-22,2046-07-20,20.04722222222222,28,0.07340932796598944
2046-06-29,2046-07-27,20.066666666666666,28,0.07340657210898398
2046-07-06,2046-08-03,20.086111111111112,28,0.07340381830683482
2046-07-13,2046-08-10,20.105555555555554,28,0.07340106658642329
2046-07-20,2046-08-17,20.125,28,0.07339831697440521
2046-07-27,2046-08-24,20.144444444444446,28,0.0733955694972166
2046-08-03,2046-08-31,20.163888888888888,28,0.07339282418108788
2046-08-10,2046-09-07,20.183333333333334,28,0.073390081052004
2046-08-17,2046-09-14,20.20277777777778,28,0.07338734013575003
2046-08-24,2046-09-21,20.22222222222222,28,0.07338460145789126
2046-08-31,2046-09-28,20.241666666666667,28,0.0733818650437731
2046-09-07,2046-10-05,20.261111111111113,28,0.07337913091853832
2046-09-14,2046-10-12,20.280555555555555,28,0.07337639910710696
2046-09-21,2046-10-19,20.3,28,0.07337366963417928
2046-09-28,2046-10-26,20.319444444444443,28,0.07337094252425569
2046-10-05,2046-11-02,20.33888888888889,28,0.07336821780163102
2046-10-12,2046-11-09,20.358333333333334,28,0.07336549549037175
2046-10-19,2046-11-16,20.377777777777776,28,0.07336277561436161
2046-10-26,2046-11-23,20.397222222222222,28,0.07336005819724743
2046-11-02,2046-11-30,20.416666666666668,28,0.07335734326249042
2046-11-09,2046-12-07,20.43611111111111,28,0.07335463083335197
2046-11-16,2046-12-14,20.455555555555556,28,0.07335192093287368
2046-11-23,2046-12-21,20.475,28,0.0733492135839001
2046-11-30,2046-12-28,20.494444444444444,28,0.07334650880908741
2046-12-07,2047-01-04,20.51388888888889,28,0.07334380663086051
2046-12-14,2047-01-11,20.533333333333335,28,0.07334110707146449
2046-12-21,2047-01-18,20.552777777777777,28,0.07333841015296169
2046-12-28,2047-01-25,20.572222222222223,28,0.0733357158971775
2047-01-04,2047-02-01,20.591666666666665,28,0.07333302432577174
2047-01-11,2047-02-08,20.61111111111111,28,0.0733303354602101
2047-01-18,2047-02-15,20.630555555555556,28,0.0733276493217356
2047-01-25,2047-02-22,20.65,28,0.07332496593142565
2047-02-01,2047-03-01,20.669444444444444,28,0.07332228531014355
2047-02-08,2047-03-08,20.68888888888889,28,0.07331960747857849
2047-02-15,2047-03-15,20.708333333333332,28,0.07331693245722835
2047-02-22,2047-03-22,20.727777777777778,28,0.07331426026638546
2047-03-01,2047-03-29,20.747222222222224,28,0.07331159092617945
2047-03-08,2047-04-05,20.766666666666666,28,0.07330892445651724
2047-03-15,2047-04-12,20.78611111111111,28,0.07330626087714874
2047-03-22,2047-04-19,20.805555555555557,28,0.07330360020762404
2047-03-29,2047-04-26,20.825,28,0.07330094246731621
2047-04-05,2047-05-03,20.844444444444445,28,0.0732982876754156
2047-04-12,2047-05-10,20.863888888888887,28,0.07329563585092133
2047-04-19,2047-05-17,20.883333333333333,28,0.07329298701265545
2047-04-26,2047-05-24,20.90277777777778,28,0.07329034117925451
2047-05-03,2047-05-31,20.92222222222222,28,0.07328769836919229
2047-05-10,2047-06-07,20.941666666666666,28,0.07328505860073418
2047-05-17,2047-06-14,20.961111111111112,28,0.07328242189200568
2047-05-24,2047-06-21,20.980555555555554,28,0.07327978826091819
2047-05-31,2047-06-28,21.0,28,0.07327715772522606
2047-06-07,2047-07-05,21.019444444444446,28,0.07327453030252094
2047-06-14,2047-07-12,21.038888888888888,28,0.07327190601018607
2047-06-21,2047-07-19,21.058333333333334,28,0.0732692848654648
2047-06-28,2047-07-26,21.07777777777778,28,0.0732666668854092
2047-07-05,2047-08-02,21.09722222222222,28,0.07326405208691433
2047-07-12,2047-08-09,21.116666666666667,28,0.07326144048668683
2047-07-19,2047-08-16,21.136111111111113,28,0.07325883210128487
2047-07-26,2047-08-23,21.155555555555555,28,0.07325622694707823
2047-08-02,2047-08-30,21.175,28,0.07325362504026822
2047-08-09,2047-09-06,21.194444444444443,28,0.07325102639692199
2047-08-16,2047-09-13,21.21388888888889,28,0.07324843103290972
2047-08-23,2047-09-20,21.233333333333334,28,0.07324583896394168
2047-08-30,2047-09-27,21.252777777777776,28,0.07324325020558257
2047-09-06,2047-10-04,21.272222222222222,28,0.07324066477320296
2047-09-13,2047-10-11,21.291666666666668,28,0.0732380826820278
2047-09-20,2047-10-18,21.31111111111111,28,0.07323550394713646
2047-09-27,2047-10-25,21.330555555555556,28,0.07323292858341704
2047-10-04,2047-11-01,21.35,28,0.07323035660563486
2047-10-11,2047-11-08,21.369444444444444,28,0.07322778802836113
2047-10-18,2047-11-15,21.38888888888889,28,0.0732252228660186
2047-10-25,2047-11-22,21.408333333333335,28,0.07322266113290724
2047-11-01,2047-11-29,21.427777777777777,28,0.07322010284310153
2047-11-08,2047-12-06,21.447222222222223,28,0.07321754801060168
2047-11-15,2047-12-13,21.466666666666665,28,0.07321499664920239
2047-11-22,2047-12-20,21.48611111111111,28,0.07321244877254131
2047-11-29,2047-12-27,21.505555555555556,28,0.07320990439414762
2047-12-06,2048-01-03,21.525,28,0.07320736352735066
2047-12-13,2048-01-10,21.544444444444444,28,0.07320482618535129
2047-12-20,2048-01-17,21.56388888888889,28,0.0732022923812105
2047-12-27,2048-01-24,21.583333333333332,28,0.07319976212782368
2048-01-03,2048-01-31,21.602777777777778,28,0.0731972354379378
2048-01-10,2048-02-07,21.622222222222224,28,0.07319471232416845
2048-01-17,2048-02-14,21.641666666666666,28,0.0731921927989714
2048-01-24,2048-02-21,21.66111111111111,28,0.0731896768746511
2048-01-31,2048-02-28,21.680555555555557,28,0.07318716456338922
2048-02-07,2048-03-06,21.7,28,0.07318465587720471
2048-02-14,2048-03-13,21.719444444444445,28,0.07318215082797666
2048-02-21,2048-03-20,21.738888888888887,28,0.07317964942745281
2048-02-28,2048-03-27,21.758333333333333,28,0.07317715168721531
2048-03-06,2048-04-03,21.77777777777778,28,0.07317465761874356
2048-03-13,2048-04-10,21.79722222222222,28,0.07317216723333424
2048-03-20,2048-04-17,21.816666666666666,28,0.07316968054217268
2048-03-27,2048-04-24,21.836111111111112,28,0.07316719755631006
2048-04-03,2048-05-01,21.855555555555554,28,0.07316471828663763
2048-04-10,2048-05-08,21.875,28,0.07316224274392967
2048-04-17,2048-05-15,21.894444444444446,28,0.07315977093880623
2048-04-24,2048-05-22,21.913888888888888,28,0.07315730288177319
2048-05-01,2048-05-29,21.933333333333334,28,0.07315483858318515
2048-05-08,2048-06-05,21.95277777777778,28,0.07315237805326248
2048-05-15,2048-06-12,21.97222222222222,28,0.07314992130212852
2048-05-22,2048-06-19,21.991666666666667,28,0.07314746833971247
2048-05-29,2048-06-26,22.011111111111113,28,0.07314501917586647
2048-06-05,2048-07-03,22.030555555555555,28,0.0731425738202913
2048-06-12,2048-07-10,22.05,28,0.07314013228255645
2048-06-19,2048-07-17,22.069444444444443,28,0.07313769457210581
2048-06-26,2048-07-24,22.08888888888889,28,0.07313526069825477
2048-07-03,2048-07-31,22.108333333333334,28,0.07313283067019315
2048-07-10,2048-08-07,22.127777777777776,28,0.07313040449697367
2048-07-17,2048-08-14,22.147222222222222,28,0.07312798218755491
2048-07-24,2048-08-21,22.166666666666668,28,0.07312556375072125
2048-07-31,2048-08-28,22.18611111111111,28,0.07312314919518574
2048-08-07,2048-09-04,22.205555555555556,28,0.07312073852949297
2048-08-14,2048-09-11,22.225,28,0.07311833176208474
2048-08-21,2048-09-18,22.244444444444444,28,0.0731159289012887
2048-08-28,2048-09-25,22.26388888888889,28,0.07311352995528969
2048-09-04,2048-10-02,22.283333333333335,28,0.07311113493218985
2048-09-11,2048-10-09,22.302777777777777,28,0.07310874383992852
2048-09-18,2048-10-16,22.322222222222223,28,0.07310635668633372
2048-09-25,2048-10-23,22.341666666666665,28,0.07310397347914785
2048-10-02,2048-10-30,22.36111111111111,28,0.07310159422595909
2048-10-09,2048-11-06,22.380555555555556,28,0.0730992189342472
2048-10-16,2048-11-13,22.4,28,0.07309684761141197
2048-10-23,2048-11-20,22.419444444444444,28,0.07309448026467047
2048-10-30,2048-11-27,22.43888888888889,28,0.07309211690117699
2048-11-06,2048-12-04,22.458333333333332,28,0.0730897575279659
2048-11-13,2048-12-11,22.477777777777778,28,0.07308740215192883
2048-11-20,2048-12-18,22.497222222222224,28,0.07308505077987748
2048-11-27,2048-12-25,22.516666666666666,28,0.07308270341850363
2048-12-04,2049-01-01,22.53611111111111,28,0.07308036007436204
2048-12-11,2049-01-08,22.555555555555557,28,0.0730780207539418
2048-12-18,2049-01-15,22.575,28,0.07307568546359214
2048-12-25,2049-01-22,22.594444444444445,28,0.0730733542095452
2049-01-01,2049-01-29,22.613888888888887,28,0.07307102699795319
2049-01-08,2049-02-05,22.633333333333333,28,0.07306870383483702
2049-01-15,2049-02-12,22.65277777777778,28,0.07306638472612338
2049-01-22,2049-02-19,22.67222222222222,28,0.07306406967763333
2049-01-29,2049-02-26,22.691666666666666,28,0.07306175869507373
2049-02-05,2049-03-05,22.711111111111112,28,0.07305945178403725
2049-02-12,2049-03-12,22.730555555555554,28,0.07305714895004803
2049-02-19,2049-03-19,22.75,28,0.07305485019847037
2049-02-26,2049-03-26,22.769444444444446,28,0.07305255553463143
2049-03-05,2049-04-02,22.788888888888888,28,0.07305026496370706
2049-03-12,2049-04-09,22.808333333333334,28,0.07304797849078463
2049-03-19,2049-04-16,22.82777777777778,28,0.0730456961208573
2049-03-26,2049-04-23,22.84722222222222,28,0.07304341785880686
2049-04-02,2049-04-30,22.866666666666667,28,0.07304114370942948
2049-04-09,2049-05-07,22.886111111111113,28,0.07303887367740997
2049-04-16,2049-05-14,22.905555555555555,28,0.07303660776734468
2049-04-23,2049-05-21,22.925,28,0.07303434598370144
2049-04-30,2049-05-28,22.944444444444443,28,0.0730320883309053
2049-05-07,2049-06-04,22.96388888888889,28,0.07302983481323283
2049-05-14,2049-06-11,22.983333333333334,28,0.0730275854348864
2049-05-21,2049-06-18,23.002777777777776,28,0.07302534019999124
2049-05-28,2049-06-25,23.022222222222222,28,0.07302309911252707
2049-06-04,2049-07-02,23.041666666666668,28,0.07302086217644213
2049-06-11,2049-07-09,23.06111111111111,28,0.0730186293955391
2049-06-18,2049-07-16,23.080555555555556,28,0.07301640077356357
2049-06-25,2049-07-23,23.1,28,0.07301417631414406
2049-07-02,2049-07-30,23.119444444444444,28,0.07301195602083199
2049-07-09,2049-08-06,23.13888888888889,28,0.07300973989707892
2049-07-16,2049-08-13,23.158333333333335,28,0.07300752794624499
2049-07-23,2049-08-20,23.177777777777777,28,0.07300532017161901
2049-07-30,2049-08-27,23.197222222222223,28,0.07300311657636417
2049-08-06,2049-09-03,23.216666666666665,28,0.07300091716360083
2049-08-13,2049-09-10,23.23611111111111,28,0.07299872193631517
2049-08-20,2049-09-17,23.255555555555556,28,0.07299653089743911
2049-08-27,2049-09-24,23.275,28,0.07299434404981042
2049-09-03,2049-10-01,23.294444444444444,28,0.0729921613961726
2049-09-10,2049-10-08,23.31388888888889,28,0.07298998293918066
2049-09-17,2049-10-15,23.333333333333332,28,0.0729878086814154
2049-09-24,2049-10-22,23.352777777777778,28,0.07298563862536911
2049-10-01,2049-10-29,23.372222222222224,28,0.07298347277343988
2049-10-08,2049-11-05,23.391666666666666,28,0.07298131112796868
2049-10-15,2049-11-12,23.41111111111111,28,0.07297915369118232
2049-10-22,2049-11-19,23.430555555555557,28,0.07297700046524191
2049-10-29,2049-11-26,23.45,28,0.0729748514522258
2049-11-05,2049-12-03,23.469444444444445,28,0.07297270665412382
2049-11-12,2049-12-10,23.488888888888887,28,0.07297056607285729
2049-11-19,2049-12-17,23.508333333333333,28,0.07296842971026189
2049-11-26,2049-12-24,23.52777777777778,28,0.07296629756808194
2049-12-03,2049-12-31,23.54722222222222,28,0.07296416964799324
2049-12-10,2050-01-07,23.566666666666666,28,0.07296204595160592
2049-12-17,2050-01-14,23.586111111111112,28,0.07295992648041594
2049-12-24,2050-01-21,23.605555555555554,28,0.07295781123589354
2049-12-31,2050-01-28,23.625,28,0.07295570021938907
2050-01-07,2050-02-04,23.644444444444446,28,0.07295359343217868
2050-01-14,2050-02-11,23.663888888888888,28,0.07295149087548707
2050-01-21,2050-02-18,23.683333333333334,28,0.07294939255045334
2050-01-28,2050-02-25,23.70277777777778,28,0.07294729845813094
2050-02-04,2050-03-04,23.72222222222222,28,0.0729452085995105
2050-02-11,2050-03-11,23.741666666666667,28,0.07294312297551413
2050-02-18,2050-03-18,23.761111111111113,28,0.0729410415869669
2050-02-25,2050-03-25,23.780555555555555,28,0.07293896443465389
2050-03-04,2050-04-01,23.8,28,0.07293689151926028
2050-03-11,2050-04-08,23.819444444444443,28,0.07293482284141126
2050-03-18,2050-04-15,23.83888888888889,28,0.07293275840166924
2050-03-25,2050-04-22,23.858333333333334,28,0.07293069820048816
2050-04-01,2050-04-29,23.877777777777776,28,0.07292864223831907
2050-04-08,2050-05-06,23.897222222222222,28,0.07292659051548173
2050-04-15,2050-05-13,23.916666666666668,28,0.07292454303224163
2050-04-22,2050-05-20,23.93611111111111,28,0.07292249978883573
2050-04-29,2050-05-27,23.955555555555556,28,0.07292046078536682
2050-05-06,2050-06-03,23.975,28,0.07291842602191766
2050-05-13,2050-06-10,23.994444444444444,28,0.07291639549849968
2050-05-20,2050-06-17,24.01388888888889,28,0.07291436921502724
2050-05-27,2050-06-24,24.033333333333335,28,0.07291234717138614
2050-06-03,2050-07-01,24.052777777777777,28,0.07291032936737654
2050-06-10,2050-07-08,24.072222222222223,28,0.07290831580272153
2050-06-17,2050-07-15,24.091666666666665,28,0.07290630647712419
2050-06-24,2050-07-22,24.11111111111111,28,0.07290430139016202
2050-07-01,2050-07-29,24.130555555555556,28,0.07290230054139821
2050-07-08,2050-08-05,24.15,28,0.07290030393031602
2050-07-15,2050-08-12,24.169444444444444,28,0.0728983115563188
2050-07-22,2050-08-19,24.18888888888889,28,0.07289632341878136
2050-07-29,2050-08-26,24.208333333333332,28,0.07289433951698422
2050-08-05,2050-09-02,24.227777777777778,28,0.07289235985017088
2050-08-12,2050-09-09,24.247222222222224,28,0.07289038441750773
2050-08-19,2050-09-16,24.266666666666666,28,0.07288841321810688
2050-08-26,2050-09-23,24.28611111111111,28,0.07288644625102624
2050-09-02,2050-09-30,24.305555555555557,28,0.07288448351524661
2050-09-09,2050-10-07,24.325,28,0.07288252500971458
2050-09-16,2050-10-14,24.344444444444445,28,0.07288057073329673
2050-09-23,2050-10-21,24.363888888888887,28,0.07287862068480834
2050-09-30,2050-10-28,24.383333333333333,28,0.07287667486301322
2050-10-07,2050-11-04,24.40277777777778,28,0.07287473326659814
2050-10-14,2050-11-11,24.42222222222222,28,0.07287279589421848
2050-10-21,2050-11-18,24.441666666666666,28,0.07287086274446392
2050-10-28,2050-11-25,24.461111111111112,28,0.0728689338158528
2050-11-04,2050-12-02,24.480555555555554,28,0.0728670091068806
2050-11-11,2050-12-09,24.5,28,0.07286508861595431
2050-11-18,2050-12-16,24.519444444444446,28,0.07286317234143239
2050-11-25,2050-12-23,24.538888888888888,28,0.07286126028164475
2050-12-02,2050-12-30,24.558333333333334,28,0.0728593524348442
2050-12-09,2051-01-06,24.57777777777778,28,0.07285744879921222
2050-12-16,2051-01-13,24.59722222222222,28,0.07285554937293025
2050-12-23,2051-01-20,24.616666666666667,28,0.07285365415407982
2050-12-30,2051-01-27,24.636111111111113,28,0.07285176314070821
2051-01-06,2051-02-03,24.655555555555555,28,0.07284987633081702
2051-01-13,2051-02-10,24.675,28,0.0728479937223365
2051-01-20,2051-02-17,24.694444444444443,28,0.07284611531316543
2051-01-27,2051-02-24,24.71388888888889,28,0.07284424110114841
2051-02-03,2051-03-03,24.733333333333334,28,0.07284237108407009
2051-02-10,2051-03-10,24.752777777777776,28,0.07284050525967795
2051-02-17,2051-03-17,24.772222222222222,28,0.07283864362566529
2051-02-24,2051-03-24,24.791666666666668,28,0.0728367861796483
2051-03-03,2051-03-31,24.81111111111111,28,0.07283493291926314
2051-03-10,2051-04-07,24.830555555555556,28,0.07283308384202611
2051-03-17,2051-04-14,24.85,28,0.07283123894543632
2051-03-24,2051-04-21,24.869444444444444,28,0.0728293982269701
2051-03-31,2051-04-28,24.88888888888889,28,0.07282756168400097
2051-04-07,2051-05-05,24.908333333333335,28,0.07282572931389675
2051-04-14,2051-05-12,24.927777777777777,28,0.07282390111398815
2051-04-21,2051-05-19,24.947222222222223,28,0.07282207708149452
2051-04-28,2051-05-26,24.966666666666665,28,0.07282025721368093
2051-05-05,2051-06-02,24.98611111111111,28,0.07281844150770109
2051-05-12,2051-06-09,25.005555555555556,28,0.07281662996067727
2051-05-19,2051-06-16,25.025,28,0.07281482256972321
2051-05-26,2051-06-23,25.044444444444444,28,0.0728130193318442
2051-06-02,2051-06-30,25.06388888888889,28,0.0728112202440626
2051-06-09,2051-07-07,25.083333333333332,28,0.07280942530333512
2051-06-16,2051-07-14,25.102777777777778,28,0.07280763450655568
2051-06-23,2051-07-21,25.122222222222224,28,0.07280584785060393
2051-06-30,2051-07-28,25.141666666666666,28,0.07280406533231096
2051-07-07,2051-08-04,25.16111111111111,28,0.0728022869484365
2051-07-14,2051-08-11,25.180555555555557,28,0.07280051269575744
2051-07-21,2051-08-18,25.2,28,0.07279874257096498
2051-07-28,2051-08-25,25.219444444444445,28,0.07279697657071324
2051-08-04,2051-09-01,25.238888888888887,28,0.07279521469164774
2051-08-11,2051-09-08,25.258333333333333,28,0.07279345693031981
2051-08-18,2051-09-15,25.27777777777778,28,0.07279170328328936
2051-08-25,2051-09-22,25.29722222222222,28,0.07278995374705063
2051-09-01,2051-09-29,25.316666666666666,28,0.07278820831806643
2051-09-08,2051-10-06,25.336111111111112,28,0.07278646699277674
2051-09-15,2051-10-13,25.355555555555554,28,0.07278472976755593
2051-09-22,2051-10-20,25.375,28,0.07278299663875545
2051-09-29,2051-10-27,25.394444444444446,28,0.072781267602684
2051-10-06,2051-11-03,25.413888888888888,28,0.07277954265563023
2051-10-13,2051-11-10,25.433333333333334,28,0.07277782179381147
2051-10-20,2051-11-17,25.45277777777778,28,0.07277610501343933
2051-10-27,2051-11-24,25.47222222222222,28,0.07277439231067971
2051-11-03,2051-12-01,25.491666666666667,28,0.0727726836816443
2051-11-10,2051-12-08,25.511111111111113,28,0.07277097912245908
2051-11-17,2051-12-15,25.530555555555555,28,0.07276927862915862
2051-11-24,2051-12-22,25.55,28,0.07276758219776612
2051-12-01,2051-12-29,25.569444444444443,28,0.0727658898242762
2051-12-08,2052-01-05,25.58888888888889,28,0.07276420150463211
2051-12-15,2052-01-12,25.608333333333334,28,0.07276251723476568
2051-12-22,2052-01-19,25.627777777777776,28,0.07276083701056019
2051-12-29,2052-01-26,25.647222222222222,28,0.0727591608278704
2052-01-05,2052-02-02,25.666666666666668,28,0.07275748868251108
2052-01-12,2052-02-09,25.68611111111111,28,0.07275582057027417
2052-01-19,2052-02-16,25.705555555555556,28,0.07275415648691164
2052-01-26,2052-02-23,25.725,28,0.07275249642814119
2052-02-02,2052-03-01,25.744444444444444,28,0.07275084038966055
2052-02-09,2052-03-08,25.76388888888889,28,0.0727491883671275
2052-02-16,2052-03-15,25.783333333333335,28,0.07274754035617123
2052-02-23,2052-03-22,25.802777777777777,28,0.07274589635239526
2052-03-01,2052-03-29,25.822222222222223,28,0.07274425635135456
2052-03-08,2052-04-05,25.841666666666665,28,0.07274262034858989
2052-03-15,2052-04-12,25.86111111111111,28,0.0727409883396105
2052-03-22,2052-04-19,25.880555555555556,28,0.07273936031987718
2052-03-29,2052-04-26,25.9,28,0.07273773628487071
2052-04-05,2052-05-03,25.919444444444444,28,0.0727361162299719
2052-04-12,2052-05-10,25.93888888888889,28,0.07273450015059588
2052-04-19,2052-05-17,25.958333333333332,28,0.07273288804210346
2052-04-26,2052-05-24,25.977777777777778,28,0.07273127989980699
2052-05-03,2052-05-31,25.997222222222224,28,0.07272967571903305
2052-05-10,2052-06-07,26.016666666666666,28,0.07272807549503973
2052-05-17,2052-06-14,26.03611111111111,28,0.07272647922308512
2052-05-24,2052-06-21,26.055555555555557,28,0.07272488689840159
2052-05-31,2052-06-28,26.075,28,0.07272329851617013
2052-06-07,2052-07-05,26.094444444444445,28,0.07272171407157174
2052-06-14,2052-07-12,26.113888888888887,28,0.07272013355974176
2052-06-21,2052-07-19,26.133333333333333,28,0.07271855697579552
2052-06-28,2052-07-26,26.15277777777778,28,0.07271698431482264
2052-07-05,2052-08-02,26.17222222222222,28,0.07271541557190135
2052-07-12,2052-08-09,26.191666666666666,28,0.07271385074206137
2052-07-19,2052-08-16,26.211111111111112,28,0.07271228982031522
2052-07-26,2052-08-23,26.230555555555554,28,0.07271073280167549
2052-08-02,2052-08-30,26.25,28,0.0727091796810805
2052-08-09,2052-09-06,26.269444444444446,28,0.07270763045348286
2052-08-16,2052-09-13,26.288888888888888,28,0.07270608511380663
2052-08-23,2052-09-20,26.308333333333334,28,0.07270454365694162
2052-08-30,2052-09-27,26.32777777777778,28,0.07270300607775765
2052-09-06,2052-10-04,26.34722222222222,28,0.07270147237111026
2052-09-13,2052-10-11,26.366666666666667,28,0.07269994253181787
2052-09-20,2052-10-18,26.386111111111113,28,0.07269841655468179
2052-09-27,2052-10-25,26.405555555555555,28,0.0726968944344976
2052-10-04,2052-11-01,26.425,28,0.07269537616600097
2052-10-11,2052-11-08,26.444444444444443,28,0.0726938617439532
2052-10-18,2052-11-15,26.46388888888889,28,0.07269235116305284
2052-10-25,2052-11-22,26.483333333333334,28,0.07269084441798412
2052-11-01,2052-11-29,26.502777777777776,28,0.072689341503457
2052-11-08,2052-12-06,26.522222222222222,28,0.07268784241408152
2052-11-15,2052-12-13,26.541666666666668,28,0.07268634714450764
2052-11-22,2052-12-20,26.56111111111111,28,0.07268485568935969
2052-11-29,2052-12-27,26.580555555555556,28,0.07268336804319057
2052-12-06,2053-01-03,26.6,28,0.0726818842006132
2052-12-13,2053-01-10,26.619444444444444,28,0.07268040415614621
2052-12-20,2053-01-17,26.63888888888889,28,0.07267892790433685
2052-12-27,2053-01-24,26.658333333333335,28,0.07267745543970376
2053-01-03,2053-01-31,26.677777777777777,28,0.07267598675673138
2053-01-10,2053-02-07,26.697222222222223,28,0.07267452184988699
2053-01-17,2053-02-14,26.716666666666665,28,0.07267306071364926
2053-01-24,2053-02-21,26.73611111111111,28,0.07267160334243128
2053-01-31,2053-02-28,26.755555555555556,28,0.07267014973065747
2053-02-07,2053-03-07,26.775,28,0.07266869987274374
2053-02-14,2053-03-14,26.794444444444444,28,0.07266725376306603
2053-02-21,2053-03-21,26.81388888888889,28,0.0726658113959774
2053-02-28,2053-03-28,26.833333333333332,28,0.07266437276587093
2053-03-07,2053-04-04,26.852777777777778,28,0.0726629378670426
2053-03-14,2053-04-11,26.872222222222224,28,0.07266150669380268
2053-03-21,2053-04-18,26.891666666666666,28,0.07266007924048999
2053-03-28,2053-04-25,26.91111111111111,28,0.0726586555013377
2053-04-04,2053-05-02,26.930555555555557,28,0.07265723547065608
2053-04-11,2053-05-09,26.95,28,0.07265581914268118
2053-04-18,2053-05-16,26.969444444444445,28,0.07265440651163761
2053-04-25,2053-05-23,26.988888888888887,28,0.07265299757176713
2053-05-02,2053-05-30,27.008333333333333,28,0.07265159231726008
2053-05-09,2053-06-06,27.02777777777778,28,0.07265019074230114
2053-05-16,2053-06-13,27.04722222222222,28,0.0726487928410892
2053-05-23,2053-06-20,27.066666666666666,28,0.07264739860776327
2053-05-30,2053-06-27,27.086111111111112,28,0.07264600803647658
2053-06-06,2053-07-04,27.105555555555554,28,0.07264462112137096
2053-06-13,2053-07-11,27.125,28,0.0726432378565597
2053-06-20,2053-07-18,27.144444444444446,28,0.07264185823613323
2053-06-27,2053-07-25,27.163888888888888,28,0.07264048225420483
2053-07-04,2053-08-01,27.183333333333334,28,0.0726391099048364
2053-07-11,2053-08-08,27.20277777777778,28,0.07263774118208412
2053-07-18,2053-08-15,27.22222222222222,28,0.07263637608001844
2053-07-25,2053-08-22,27.241666666666667,28,0.07263501459267273
2053-08-01,2053-08-29,27.261111111111113,28,0.07263365671406888
2053-08-08,2053-09-05,27.280555555555555,28,0.07263230243822313
2053-08-15,2053-09-12,27.3,28,0.07263095175914026
2053-08-22,2053-09-19,27.319444444444443,28,0.07262960467080225
2053-08-29,2053-09-26,27.33888888888889,28,0.07262826116718532
2053-09-05,2053-10-03,27.358333333333334,28,0.07262692124226572
2053-09-12,2053-10-10,27.377777777777776,28,0.07262558488997975
2053-09-19,2053-10-17,27.397222222222222,28,0.07262425210428367
2053-09-26,2053-10-24,27.416666666666668,28,0.07262292287910231
2053-10-03,2053-10-31,27.43611111111111,28,0.0726215972083634
2053-10-10,2053-11-07,27.455555555555556,28,0.0726202750859804
2053-10-17,2053-11-14,27.475,28,0.07261895650583819
2053-10-24,2053-11-21,27.494444444444444,28,0.07261764146183593
2053-10-31,2053-11-28,27.51388888888889,28,0.07261632994784709
2053-11-07,2053-12-05,27.533333333333335,28,0.07261502195774515
2053-11-14,2053-12-12,27.552777777777777,28,0.07261371748538359
2053-11-21,2053-12-19,27.572222222222223,28,0.07261241652461305
2053-11-28,2053-12-26,27.591666666666665,28,0.07261111906927559
2053-12-05,2054-01-02,27.61111111111111,28,0.07260982511319616
2053-12-12,2054-01-09,27.630555555555556,28,0.07260853465020542
2053-12-19,2054-01-16,27.65,28,0.07260724767411686
2053-12-26,2054-01-23,27.669444444444444,28,0.07260596417871261
2054-01-02,2054-01-30,27.68888888888889,28,0.0726046841578005
2054-01-09,2054-02-06,27.708333333333332,28,0.07260340760516547
2054-01-16,2054-02-13,27.727777777777778,28,0.07260213451458679
2054-01-23,2054-02-20,27.747222222222224,28,0.07260086487983802
2054-01-30,2054-02-27,27.766666666666666,28,0.07259959869467274
2054-02-06,2054-03-06,27.78611111111111,28,0.0725983359528445
2054-02-13,2054-03-13,27.805555555555557,28,0.07259707664809831
2054-02-20,2054-03-20,27.825,28,0.07259582077418202
2054-02-27,2054-03-27,27.844444444444445,28,0.0725945683248178
2054-03-06,2054-04-03,27.863888888888887,28,0.07259331929373351
2054-03-13,2054-04-10,27.883333333333333,28,0.07259207367464564
2054-03-20,2054-04-17,27.90277777777778,28,0.07259083146124207
2054-03-27,2054-04-24,27.92222222222222,28,0.07258959264726782
2054-04-03,2054-05-01,27.941666666666666,28,0.07258835722638222
2054-04-10,2054-05-08,27.961111111111112,28,0.07258712519228748
2054-04-17,2054-05-15,27.980555555555554,28,0.0725858965386829
2054-04-24,2054-05-22,28.0,28,0.07258467125922216
2054-05-01,2054-05-29,28.019444444444446,28,0.07258344934758457
2054-05-08,2054-06-05,28.038888888888888,28,0.07258223079743235
2054-05-15,2054-06-12,28.058333333333334,28,0.07258101560244201
2054-05-22,2054-06-19,28.07777777777778,28,0.07257980375623863
2054-05-29,2054-06-26,28.09722222222222,28,0.07257859525249868
2054-06-05,2054-07-03,28.116666666666667,28,0.07257739008485015
2054-06-12,2054-07-10,28.136111111111113,28,0.07257618824693239
2054-06-19,2054-07-17,28.155555555555555,28,0.07257498973238478
2054-06-26,2054-07-24,28.175,28,0.07257379453482958
2054-07-03,2054-07-31,28.194444444444443,28,0.07257260264790043
2054-07-10,2054-08-07,28.21388888888889,28,0.0725714140651996
2054-07-17,2054-08-14,28.233333333333334,28,0.07257022878035217
2054-07-24,2054-08-21,28.252777777777776,28,0.07256904678697186
2054-07-31,2054-08-28,28.272222222222222,28,0.0725678680786609
2054-08-07,2054-09-04,28.291666666666668,28,0.07256669264901872
2054-08-14,2054-09-11,28.31111111111111,28,0.07256552049165897
2054-08-21,2054-09-18,28.330555555555556,28,0.07256435160014967
2054-08-28,2054-09-25,28.35,28,0.07256318596809308
2054-09-04,2054-10-02,28.369444444444444,28,0.0725620235890829
2054-09-11,2054-10-09,28.38888888888889,28,0.07256086445669853
2054-09-18,2054-10-16,28.408333333333335,28,0.07255970856451942
2054-09-25,2054-10-23,28.427777777777777,28,0.07255855590613638
2054-10-02,2054-10-30,28.447222222222223,28,0.07255740647510317
2054-10-09,2054-11-06,28.466666666666665,28,0.07255626026500776
2054-10-16,2054-11-13,28.48611111111111,28,0.07255511726941531
2054-10-23,2054-11-20,28.505555555555556,28,0.07255397748188523
2054-10-30,2054-11-27,28.525,28,0.0725528408959884
2054-11-06,2054-12-04,28.544444444444444,28,0.07255170750527284
2054-11-13,2054-12-11,28.56388888888889,28,0.07255057730332082
2054-11-20,2054-12-18,28.583333333333332,28,0.0725494502836832
2054-11-27,2054-12-25,28.602777777777778,28,0.07254832643990802
2054-12-04,2055-01-01,28.622222222222224,28,0.07254720576554899
2054-12-11,2055-01-08,28.641666666666666,28,0.0725460882541627
2054-12-18,2055-01-15,28.66111111111111,28,0.07254497389928576
2054-12-25,2055-01-22,28.680555555555557,28,0.07254386269448901
2055-01-01,2055-01-29,28.7,28,0.07254275463331476
2055-01-08,2055-02-05,28.719444444444445,28,0.07254164970929391
2055-01-15,2055-02-12,28.738888888888887,28,0.07254054791599446
2055-01-22,2055-02-19,28.758333333333333,28,0.07253944924693588
2055-01-29,2055-02-26,28.77777777777778,28,0.07253835369566046
2055-02-05,2055-03-05,28.79722222222222,28,0.07253726125573623
2055-02-12,2055-03-12,28.816666666666666,28,0.07253617192067693
2055-02-19,2055-03-19,28.836111111111112,28,0.072535085684042
2055-02-26,2055-03-26,28.855555555555554,28,0.07253400253937947
2055-03-05,2055-04-02,28.875,28,0.07253292248020594
2055-03-12,2055-04-09,28.894444444444446,28,0.07253184550006088
2055-03-19,2055-04-16,28.913888888888888,28,0.07253077159250086
2055-03-26,2055-04-23,28.933333333333334,28,0.07252970075105106
2055-04-02,2055-04-30,28.95277777777778,28,0.07252863296925664
2055-04-09,2055-05-07,28.97222222222222,28,0.07252756824066278
2055-04-16,2055-05-14,28.991666666666667,28,0.07252650655879465
2055-04-23,2055-05-21,29.011111111111113,28,0.07252544791720597
2055-04-30,2055-05-28,29.030555555555555,28,0.07252439230943335
2055-05-07,2055-06-04,29.05,28,0.07252333972900768
2055-05-14,2055-06-11,29.069444444444443,28,0.07252229016949409
2055-05-21,2055-06-18,29.08888888888889,28,0.07252124362441492
2055-05-28,2055-06-25,29.108333333333334,28,0.07252020008730962
2055-06-04,2055-07-02,29.127777777777776,28,0.07251915955174905
2055-06-11,2055-07-09,29.147222222222222,28,0.07251812201124411
2055-06-18,2055-07-16,29.166666666666668,28,0.0725170874593628
2055-06-25,2055-07-23,29.18611111111111,28,0.0725160558896503
2055-07-02,2055-07-30,29.205555555555556,28,0.07251502729566031
2055-07-09,2055-08-06,29.225,28,0.07251400167092946
2055-07-16,2055-08-13,29.244444444444444,28,0.07251297900901715
2055-07-23,2055-08-20,29.26388888888889,28,0.07251195930347715
2055-07-30,2055-08-27,29.283333333333335,28,0.07251094254786603
2055-08-06,2055-09-03,29.302777777777777,28,0.07250992873574034
2055-08-13,2055-09-10,29.322222222222223,28,0.07250891786065955
2055-08-20,2055-09-17,29.341666666666665,28,0.07250790991618596
2055-08-27,2055-09-24,29.36111111111111,28,0.07250690489587328
2055-09-03,2055-10-01,29.380555555555556,28,0.07250590279329806
2055-09-10,2055-10-08,29.4,28,0.07250490360202834
2055-09-17,2055-10-15,29.419444444444444,28,0.07250390731562353
2055-09-24,2055-10-22,29.43888888888889,28,0.07250291392765451
2055-10-01,2055-10-29,29.458333333333332,28,0.0725019234317121
2055-10-08,2055-11-05,29.477777777777778,28,0.07250093582136431
2055-10-15,2055-11-12,29.497222222222224,28,0.07249995109018201
2055-10-22,2055-11-19,29.516666666666666,28,0.0724989692317817
2055-10-29,2055-11-26,29.53611111111111,28,0.07249799023970573
2055-11-05,2055-12-03,29.555555555555557,28,0.0724970141075649
2055-11-12,2055-12-10,29.575,28,0.07249604082896718
2055-11-19,2055-12-17,29.594444444444445,28,0.07249507039746345
2055-11-26,2055-12-24,29.613888888888887,28,0.07249410280669594
2055-12-03,2055-12-31,29.633333333333333,28,0.07249313805024407
2055-12-10,2056-01-07,29.65277777777778,28,0.0724921761217101
2055-12-17,2056-01-14,29.67222222222222,28,0.07249121701470486
2055-12-24,2056-01-21,29.691666666666666,28,0.07249026072286201
2055-12-31,2056-01-28,29.711111111111112,28,0.07248930723975239
2056-01-07,2056-02-04,29.730555555555554,28,0.07248835655903539
2056-01-14,2056-02-11,29.75,28,0.07248740867432751
2056-01-21,2056-02-18,29.769444444444446,28,0.07248646357921393
2056-01-28,2056-02-25,29.788888888888888,28,0.07248552126738536
2056-02-04,2056-03-03,29.808333333333334,28,0.07248458173244408
2056-02-11,2056-03-10,29.82777777777778,28,0.0724836449680209
2056-02-18,2056-03-17,29.84722222222222,28,0.0724827109677809
2056-02-25,2056-03-24,29.866666666666667,28,0.07248177972534631
2056-03-03,2056-03-31,29.886111111111113,28,0.07248085123438505
2056-03-10,2056-04-07,29.905555555555555,28,0.07247992548854507
2056-03-17,2056-04-14,29.925,28,0.07247900248149428
2056-03-24,2056-04-21,29.944444444444443,28,0.07247808220689203
2056-03-31,2056-04-28,29.96388888888889,28,0.07247716465840341
2056-04-07,2056-05-05,29.983333333333334,28,0.07247624982969919
2056-04-14,2056-05-12,30.002777777777776,28,0.07247533771445872
2056-04-21,2056-05-19,30.022222222222222,28,0.07247442830637844
2056-04-28,2056-05-26,30.041666666666668,28,0.0724735215991149
2056-05-05,2056-06-02,30.06111111111111,28,0.07247261758639306
2056-05-12,2056-06-09,30.080555555555556,28,0.07247171626190088
2056-05-19,2056-06-16,30.1,28,0.07247081761932625
2056-05-26,2056-06-23,30.119444444444444,28,0.07246992165239131
2056-06-02,2056-06-30,30.13888888888889,28,0.07246902835479828
2056-06-09,2056-07-07,30.158333333333335,28,0.07246813772026643
2056-06-16,2056-07-14,30.177777777777777,28,0.07246724974252652
2056-06-23,2056-07-21,30.197222222222223,28,0.07246636441529786
2056-06-30,2056-07-28,30.216666666666665,28,0.07246548173232258
2056-07-07,2056-08-04,30.23611111111111,28,0.07246460168733426
2056-07-14,2056-08-11,30.255555555555556,28,0.0724637242740665
2056-07-21,2056-08-18,30.275,28,0.07246284948628715
2056-07-28,2056-08-25,30.294444444444444,28,0.0724619773177469
2056-08-04,2056-09-01,30.31388888888889,28,0.07246110776219933
2056-08-11,2056-09-08,30.333333333333332,28,0.072460240813418
2056-08-18,2056-09-15,30.352777777777778,28,0.07245937646517644
2056-08-21,2056-09-18,30.36111111111111,28,0.07245900682475531
