tenor,pillar_date,discount_factor,continuous_zero_rate
1M,2026-10-21,0.9929307409019738,0.07739306944095392
2M,2026-11-20,0.9866445819510343,0.07683087851647302
3M,2026-12-22,0.980067394981167,0.07629703311087778
6M,2027-03-22,0.9622402342012317,0.07490166964598922
9M,2027-06-22,0.9448782450574843,0.07368849227196023
1Y,2027-09-22,0.9282392989953941,0.07264947721045537
2Y,2028-09-20,0.8673884405760882,0.06987259851087818
3Y,2029-09-20,0.8114140131429096,0.06851700263358557
4Y,2030-09-20,0.7585959206095648,0.06798562530145791
5Y,2031-09-22,0.7080239965051094,0.0679234018020956
7Y,2033-09-21,0.6146302295101933,0.06844703130415407
10Y,2036-09-22,0.4930968823121931,0.06960291469072254
15Y,2041-09-20,0.3393376627812583,0.07098585300057592
20Y,2046-09-20,0.23370910960018468,0.0716195567251532
30Y,2056-09-20,0.11184981985247423,0.0719539555291234
